station_id,name,arrondissement,lat,lon
277,10e avenue / Masson,Rosemont - La Petite-Patrie,45.55037651450808,-73.57373356819151
1224,10e avenue / Shaughnessy,Villeray—Saint-Michel—Parc-Extension,45.55848643894798,-73.59937280416489
849,11e avenue / du Souvenir,Laval,45.56933906192115,-73.70472729206085
238,12e avenue / St-Zotique,Rosemont - La Petite-Patrie,45.5568667309625,-73.589306473732
1137,14e avenue / Jean-Talon,Villeray—Saint-Michel—Parc-Extension,45.56132407262574,-73.59629362821578
859,15e Rue / Robin,Laval,45.55937286274167,-73.69852066040038
978,15e avenue / Dandurand,Rosemont - La Petite-Patrie,45.554786595434784,-73.57425928115845
36,15e avenue / Laurier,Rosemont - La Petite-Patrie,45.55331992800521,-73.56932803988457
1007,16e avenue / Jean-Talon,Villeray—Saint-Michel—Parc-Extension,45.56239073042133,-73.5953414440155
696,16e avenue / St-Joseph,Rosemont - La Petite-Patrie,45.55293611277267,-73.56577143073082
571,19e avenue / St-Zotique,Rosemont - La Petite-Patrie,45.56168275734862,-73.58564794063568
514,1ere avenue / Jean-Talon,Villeray—Saint-Michel—Parc-Extension,45.55490679722509,-73.60114574432373
321,1ère  avenue / St-Zotique,Rosemont - La Petite-Patrie,45.551937362101,-73.59392791986465
705,1ère avenue / Rosemont,Rosemont - La Petite-Patrie,45.54779995287998,-73.58486741781235
633,20e avenue / de Bellechasse,Rosemont - La Petite-Patrie,45.55992951142522,-73.5767751932144
1200,22e avenue / Everett,Villeray—Saint-Michel—Parc-Extension,45.56703834271867,-73.59426856040955
591,26e avenue / Beaubien,Rosemont - La Petite-Patrie,45.56485589064712,-73.5774926841259
1011,26e avenue / Bélanger,Rosemont - La Petite-Patrie,45.56725240529474,-73.58511686325073
262,27e avenue / Rosemont,Rosemont - La Petite-Patrie,45.563709940264175,-73.57139468193054
171,29e avenue / St-Zotique,Rosemont - La Petite-Patrie,45.56776565172907,-73.57968807220459
243,2e avenue / Centrale,LaSalle,45.43289463113104,-73.59685689210892
1147,30e avenue / de Bellechasse,Rosemont - La Petite-Patrie,45.56600932877435,-73.57218861579895
613,35e avenue / Beaubien,Rosemont - La Petite-Patrie,45.570081,-73.573047
1209,3e avenue / Bannantyne,Verdun,45.4577225021236,-73.5763943195343
285,3e avenue / Wellington,Verdun,45.45728922077807,-73.5672801733017
491,41e avenue / Rosemont,Rosemont - La Petite-Patrie,45.57178977666956,-73.56431499123573
804,4e avenue / de Verdun,Verdun,45.45686162938348,-73.57212341392369
433,5e avenue / Bannantyne,Verdun,45.45649192816104,-73.57604078018994
663,5e avenue / Masson,Rosemont - La Petite-Patrie,45.54752382909683,-73.57513636350632
723,5e avenue / Rosemont,Rosemont - La Petite-Patrie,45.54990048023633,-73.58308374881744
70,6e Avenue / Bélanger,Rosemont - La Petite-Patrie,45.55458281524975,-73.59631910920143
652,6e avenue / Villeray,Villeray—Saint-Michel—Parc-Extension,45.55873962047568,-73.60589044634253
1029,6e avenue / Wellington,Verdun,45.45542715196195,-73.56789708137512
1231,77e Avenue / 2e Rue,Laval,45.53626117851967,-73.73628079891205
1117,7e avenue / Masson,Rosemont - La Petite-Patrie,45.54863154452348,-73.57469648122787
694,7e avenue / St-Joseph Rosemont,Rosemont - La Petite-Patrie,45.54710817336986,-73.56936693191528
1232,8e Avenue / 15e rue,Laval,45.5655972,-73.6974907
754,8e avenue / Beaubien,Rosemont - La Petite-Patrie,45.553150698635406,-73.58768105506897
383,8e avenue / Dandurand,Rosemont - La Petite-Patrie,45.550113551561694,-73.5772217810154
556,8e avenue / Notre-Dame Lachine,Lachine,45.43498715540587,-73.67079868912697
841,90e Avenue / Boulevard Lévesque O,Laval,45.53121456506295,-73.74735295772552
1268,9599 (test cyclochrome),Rosemont - La Petite-Patrie,45.52992183768114,-73.6020040512085
1160,9e avenue / Masson,Rosemont - La Petite-Patrie,45.54948994879926,-73.57327222824097
1030,Adam / d'Orleans,Mercier - Hochelaga-Maisonneuve,45.54733170390415,-73.53858858346939
157,Alexandre-DeSève / Ontario,Ville-Marie,45.52437454361268,-73.56055689979257
155,Alexandre-DeSève / Ste-Catherine,Ville-Marie,45.52118763358253,-73.55378866195679
480,Alfred Laliberté / de Poutrincourt,Ahuntsic-Cartierville,45.53308032414161,-73.6945965886116
680,Alma / de Bellechasse,Rosemont - La Petite-Patrie,45.531034186281765,-73.60352754592896
857,Alton-Goldbloom / Notre-Dame,Laval,45.54502601340392,-73.73787671327591
135,André-Laurendeau / Rachel,Rosemont - La Petite-Patrie,45.54303187243879,-73.56256484985352
345,Ann / Wellington,Le Sud-Ouest,45.494520387544334,-73.55676591396332
553,Argyle / Bannantyne,Verdun,45.453318765468914,-73.5767751932144
127,Argyle / de Verdun,Verdun,45.45301583620112,-73.57191503047943
1207,Armand-Frappier / Louis-R.-Renaud,Laval,45.554771570192926,-73.73420745134354
646,Aréna Chaumont (Chaumont / des Ormeaux),Anjou,45.610926628992026,-73.54673445224762
566,Aréna Rodrigue-Gilbert (du Tricentenaire / de Montigny),Rivière-des-Prairies - Pointe-aux-Trembles,45.65140583915357,-73.50041270256041
195,Atateken / du Square Amherst,Ville-Marie,45.52063377251984,-73.56390595436096
637,Ateliers municipaux de St-Laurent (Cavendish / Poirier),Saint-Laurent,45.506175841460966,-73.71118605136871
395,Atwater / Greene,Le Sud-Ouest,45.48049514330605,-73.57782661914825
9,Atwater / Sherbrooke,Ville-Marie,45.4912258547597,-73.58763009309769
678,Augustin-Cantin / Shearer,Le Sud-Ouest,45.48390169543355,-73.56363236904144
161,Aylmer / Prince-Arthur,Le Plateau-Mont-Royal,45.50856686947439,-73.57769787311554
190,Aylmer / Sherbrooke,Le Plateau-Mont-Royal,45.50629456823703,-73.57282698154448
376,Aylmer / Ste-Catherine,Ville-Marie,45.50434678685089,-73.56894850730896
67,Aylwin / Ontario,Mercier - Hochelaga-Maisonneuve,45.54428297135084,-73.54544162750244
95,BAnQ (Berri),Ville-Marie,45.51601387670667,-73.56291957199574
536,BIXI K5,Rosemont - La Petite-Patrie,45.53029763358792,-73.60139787197113
400,Ball / Bloomfield,Villeray—Saint-Michel—Parc-Extension,45.529996997063385,-73.63287091255188
454,Basile-Routhier / Chabanel,Ahuntsic-Cartierville,45.549846830745,-73.64767402410507
577,Bassin olympique (Chemin du Chenal le Moyne),Ville-Marie,45.5169025120042,-73.52724552154541
507,Beaconsfield / Sherbrooke,Côte-des-Neiges - Notre-Dame-de-Grâce,45.46718513123257,-73.62231373786926
251,Beatty / de Verdun,Verdun,45.450729976972944,-73.5725748538971
332,Beaudry / Sherbrooke,Ville-Marie,45.52303493310712,-73.56539458036421
774,Beauregard / La Salle,Longueuil,45.511126706889264,-73.4860880487031
778,Bel Air / St-Antoine,Le Sud-Ouest,45.4824297233159,-73.58367975812143
109,Bennett / Ste-Catherine,Mercier - Hochelaga-Maisonneuve,45.55315915057821,-73.53263273835182
339,Benny / Sherbrooke,Côte-des-Neiges - Notre-Dame-de-Grâce,45.4648769981855,-73.62659722566605
293,Bercy / Rachel,Le Plateau-Mont-Royal,45.53840340979245,-73.56196403503418
499,Berlioz / de l'Île des Soeurs,Verdun,45.45998577640931,-73.54395568370819
405,Bernard / Jeanne-Mance,Le Plateau-Mont-Royal,45.52428310031213,-73.6049484461546
279,Berri / Cherrier,Le Plateau-Mont-Royal,45.519266156911335,-73.5692971944809
912,Berri / Gilford,Le Plateau-Mont-Royal,45.52677632748293,-73.58606100082396
813,Berri / Laurier,Le Plateau-Mont-Royal,45.52809995527671,-73.58843871625139
60,Berri / Rachel,Le Plateau-Mont-Royal,45.52275023118295,-73.57724860310555
1187,Berri / de Maisonneuve,Ville-Marie,45.51531350570208,-73.56135049208204
448,Beurling / Godin,Verdun,45.44791581215845,-73.58381867408752
806,Bibliothèque Jean-Corbeil (Goncourt / Place Montrichard),Anjou,45.6027276,-73.5579303
56,Bibliothèque d'Ahuntsic (Lajeunesse / Fleury),Ahuntsic-Cartierville,45.5534000891078,-73.66225451231003
517,Bibliothèque de Verdun (Brown / Bannantyne),Verdun,45.44826204820947,-73.57785612344742
618,Bibliothèque du Vieux-St-Laurent (de l'Église / Filiatrault),Saint-Laurent,45.512843286755896,-73.67612421512604
640,Bibliothèque et Complexe aquatique Rosemont (8e avenue / Rosemont),Rosemont - La Petite-Patrie,45.55151193681962,-73.58207792043686
810,Bishop / René-Lévesque,Ville-Marie,45.49536795507059,-73.57401251792908
910,Bishop / Ste-Catherine,Ville-Marie,45.496597761984034,-73.57650284979172
590,Bloomfied / Elmwood,Outremont,45.51825588419192,-73.60320568084717
457,Bloomfield / Bernard,Outremont,45.52033819370831,-73.60775470733641
385,Bloomfield / Van Horne,Outremont,45.522745298216094,-73.61328139901161
838,Boileau / Monsabré,Mercier - Hochelaga-Maisonneuve,45.57175879648152,-73.54176163673401
1173,Bordeaux / Marianne,Le Plateau-Mont-Royal,45.53337530757402,-73.57063829898834
1166,Bourbonnière / Hochelaga,Mercier - Hochelaga-Maisonneuve,45.54987688385806,-73.54922890663147
955,Bourbonnière / Ontario,Mercier - Hochelaga-Maisonneuve,45.54795814818623,-73.54309067130089
703,Bourbonnière / du Mont-Royal,Rosemont - La Petite-Patrie,45.55358456339093,-73.56052905321121
198,Bourgeoys / Favard,Le Sud-Ouest,45.47993042065731,-73.55592101812363
299,Bourget / St-Jacques,Le Sud-Ouest,45.48067368593179,-73.58351558446884
206,Boyer / Beaubien,Rosemont - La Petite-Patrie,45.537041,-73.602026
308,Boyer / Bélanger,Rosemont - La Petite-Patrie,45.54006,-73.60897
733,Boyer / Everett,Villeray—Saint-Michel—Parc-Extension,45.54310243053054,-73.61607524188003
256,Boyer / Jean-Talon,Rosemont - La Petite-Patrie,45.541569834507,-73.61250426627521
741,Boyer / Laurier,Le Plateau-Mont-Royal,45.5303709134972,-73.58651027083397
264,Boyer / Rosemont,Rosemont - La Petite-Patrie,45.53409866804061,-73.59553456306458
744,Boyer / St-Joseph,Le Plateau-Mont-Royal,45.52949317285589,-73.58450902629556
139,Boyer / St-Zotique,Rosemont - La Petite-Patrie,45.53848,-73.60556
325,Boyer / du Mont-Royal,Le Plateau-Mont-Royal,45.527432126380575,-73.57991673052311
790,Brittany / Ainsley,Mont-Royal,45.52588991809354,-73.65003436803818
847,Brébeuf / Curé-Poirier,Longueuil,45.52688330834135,-73.48339325750203
496,Bélanger / St-Denis,Rosemont - La Petite-Patrie,45.53696,-73.61199
532,Bélanger / des Galeries d'Anjou,Anjou,45.59722114932571,-73.56279015541077
614,CCI Outremont (Dollard / Ducharme),Outremont,45.52001910239163,-73.61890733242035
695,CHSLD Joseph-François-Perrault (St-Michel / Everett),Villeray—Saint-Michel—Parc-Extension,45.55969734528566,-73.60145956277847
92,CHSLD Robert Cliche (de Bellechasse / 16e avenue),Rosemont - La Petite-Patrie,45.557568,-73.579191
634,CHSLD St-Michel (8e avenue / Jarry),Villeray—Saint-Michel—Parc-Extension,45.5616903,-73.610512
358,CHU Ste-Justine (de la Côte Ste-Catherine / Hudson),Côte-des-Neiges - Notre-Dame-de-Grâce,45.50398168549117,-73.62283945083618
14,Calixa-Lavallée / Rachel,Le Plateau-Mont-Royal,45.52783154456306,-73.5719096660614
463,Calixa-Lavallée / Sherbrooke,Le Plateau-Mont-Royal,45.52479,-73.56545
687,Campus MIL (Outremont / Thérèse-Lavoie Roux),Outremont,45.52311432992147,-73.61815363168716
702,Canning / Notre-Dame,Le Sud-Ouest,45.48631864401023,-73.5702332854271
563,Carrefour Angrignon (Angrignon / Newman),LaSalle,45.44843408492706,-73.6129454523325
763,Cartier / Beaubien,Rosemont - La Petite-Patrie,45.54388472666988,-73.59636068344116
229,Cartier / Bélanger,Rosemont - La Petite-Patrie,45.546779039476185,-73.60281676054001
412,Cartier / Dandurand,Rosemont - La Petite-Patrie,45.53923559055867,-73.58594566583633
444,Cartier / Gilford,Le Plateau-Mont-Royal,45.5352743438056,-73.57738137245178
106,Cartier / Marie-Anne,Le Plateau-Mont-Royal,45.53280412806031,-73.57190161943436
334,Cartier / Masson,Le Plateau-Mont-Royal,45.5380207402854,-73.58352363109587
558,Cartier / Rosemont,Rosemont - La Petite-Patrie,45.54124722370603,-73.59104454517365
629,Cartier / St-Joseph,Le Plateau-Mont-Royal,45.53582823686429,-73.57869029045105
142,Casgrain / Maguire,Le Plateau-Mont-Royal,45.52621764749851,-73.5957657695144
581,Casgrain / St-Viateur,Le Plateau-Mont-Royal,45.52749588747077,-73.59883285129399
594,Casino de Montréal,Ville-Marie,45.5063732,-73.52457672
373,Cathcart / McGill College,Ville-Marie,45.501187681489775,-73.57045487814501
361,Centre des loisirs (Tassé / Grenet),Saint-Laurent,45.51473429416659,-73.69144901633263
930,Centre récréatif Édouard-Rivet (Notre-Dame / Lesage),Montréal-Est,45.62846158049899,-73.49952153861523
466,Centre ÉPIC (St-Zotique / 40e avenue),Rosemont - La Petite-Patrie,45.57414703721992,-73.57462137937546
977,Chabanel / Esplanade,Ahuntsic-Cartierville,45.54132316817171,-73.65271349801333
398,Chabanel / Tolhurst,Ahuntsic-Cartierville,45.540105018786974,-73.65347027778625
401,Chabanel / du Parc,Ahuntsic-Cartierville,45.53830765459552,-73.6548838019371
224,Chabot / Beaubien,Rosemont - La Petite-Patrie,45.54437554639807,-73.59564453363419
472,Chabot / Mont-Royal,Le Plateau-Mont-Royal,45.53413436610844,-73.57352435588837
565,Chabot / Villeray,Villeray—Saint-Michel—Parc-Extension,45.552289376429215,-73.61300647258759
149,Chambord / Beaubien,Rosemont - La Petite-Patrie,45.539900246044354,-73.59936207532883
572,Chambord / Fleury,Ahuntsic-Cartierville,45.55982811984724,-73.65832507610321
159,Chambord / Gilford,Le Plateau-Mont-Royal,45.53149589691095,-73.58106877662067
578,Champdoré / de Lorimier,Villeray—Saint-Michel—Parc-Extension,45.566869345371856,-73.64101678133011
1249,Champlain / Ste-Catherine,Ville-Marie,45.52171703048863,-73.55293308672117
261,Chapleau / du Mont-Royal,Le Plateau-Mont-Royal,45.53867,-73.56936
938,Charles-Biddle / Atwater,Le Sud-Ouest,45.47913738100108,-73.57514977455139
350,Chomedey / de Maisonneuve,Ville-Marie,45.491750449903954,-73.58394473791122
1161,Christophe-Colomb / Beaubien,Rosemont - La Petite-Patrie,45.53783932655299,-73.60115647315979
1044,Christophe-Colomb / Gilford,Le Plateau-Mont-Royal,45.52951597528168,-73.58263850212097
529,Christophe-Colomb / St-Joseph,Le Plateau-Mont-Royal,45.53036486555959,-73.58439266681671
834,Churchill / Empire,Longueuil,45.49211844605989,-73.48672430497572
488,City Councillors / du President-Kennedy,Ville-Marie,45.50625103256782,-73.57139065861702
357,Cité des Arts du Cirque (Paul Boutet / des Regrattiers),Villeray—Saint-Michel—Parc-Extension,45.55984236120471,-73.61544728279114
1023,Clanranald / de la Côte-St-Luc,Côte-des-Neiges - Notre-Dame-de-Grâce,45.47900836315578,-73.62692713737488
898,Clark / Evans,Ville-Marie,45.511105776623936,-73.56784012175922
413,Clark / Fleury,Ahuntsic-Cartierville,45.54758205939525,-73.66522908210754
442,Clark / Laurier,Le Plateau-Mont-Royal,45.52258379226127,-73.59361327255101
170,Clark / Ontario,Ville-Marie,45.51059890498207,-73.56692545115948
141,Clark / Prince-Arthur,Le Plateau-Mont-Royal,45.513342512307055,-73.57301607728004
248,Clark / Rachel,Le Plateau-Mont-Royal,45.517537449207474,-73.58241524554614
134,Clark / St-Viateur,Le Plateau-Mont-Royal,45.5251943015533,-73.59935637563467
451,Clark / de Liège,Villeray—Saint-Michel—Parc-Extension,45.53998802401576,-73.63811277307832
18,Clark / de l'Arcade,Le Plateau-Mont-Royal,45.527371996141,-73.60398352146149
957,Coffee / Elmhurst,Côte-des-Neiges - Notre-Dame-de-Grâce,45.454791592731134,-73.64039182662964
1176,Collège Ahuntsic (St-Hubert / Émile-Journault),Ahuntsic-Cartierville,45.55118940267553,-73.64060204476118
1167,Collège André-Grasset (Crémazie / Christophe-Colomb),Ahuntsic-Cartierville,45.55098964971912,-73.63216600382657
962,Collège Bois-de-Boulogne (Bois-de-Boulogne),Ahuntsic-Cartierville,45.53690740947054,-73.67478135508463
1174,Collège de Maisonneuve (Sherbrooke / Bourbonnière),Mercier - Hochelaga-Maisonneuve,45.55144364425768,-73.55469642207026
41,Collège de Rosemont (Beaubien / 15e avenue),Rosemont - La Petite-Patrie,45.55774990838239,-73.58380123972893
174,Coloniale / Duluth,Le Plateau-Mont-Royal,45.51786873150825,-73.57842743396758
40,Complexe Desjardins (St-Urbain / René-Lévesque),Ville-Marie,45.50788520688478,-73.56315059590997
54,Complexe sportif Claude-Robillard (Émile-Journault),Ahuntsic-Cartierville,45.55358456339093,-73.6383855342865
176,Crescent / René-Lévesque,Ville-Marie,45.49606309334117,-73.57347276069049
533,Crescent / Ste-Catherine,Ville-Marie,45.497315237071845,-73.57590820647602
214,Crescent / de Maisonneuve,Ville-Marie,45.49812041247333,-73.57759594917297
789,Curé-Poirier / Joliette,Longueuil,45.52034169784984,-73.48791999746027
927,Cyclo winter station,Rosemont - La Petite-Patrie,0.0,0.0
80,CÉGEP du Vieux-Montréal (Ontario / de l'Hôtel-de-Ville),Ville-Marie,45.51401222645779,-73.56598667800426
258,Cégep André-Laurendeau (Lapierre),LaSalle,45.43605512104547,-73.60577523708344
812,Cégep Marie-Victorin,Rivière-des-Prairies - Pointe-aux-Trembles,45.61749978312808,-73.60601127147675
674,Cégep Édouard-Montpetit (de Normandie),Longueuil,45.53724605357659,-73.49498215598032
1052,D'Iberville/Fleury,Ahuntsic-Cartierville,45.575431237891664,-73.64741921424866
676,Dandurand / D'Iberville,Rosemont - La Petite-Patrie,45.5443716426341,-73.5809513926506
871,Daniel-Johnson / Cartier O,Laval,45.54334371050831,-73.72530519962311
704,Darling / Sherbrooke,Rosemont - La Petite-Patrie,45.54545514686953,-73.55673909187317
844,De Callières / d'Auvergne,Laval,45.59342197869864,-73.6690217256546
905,De la Commune / Autoroute Bonaventure,Ville-Marie,45.49317114350468,-73.55356428307459
281,Desaulniers / Marquette,Longueuil,45.52468003531611,-73.51046747529834
736,Desjardins / Ontario,Mercier - Hochelaga-Maisonneuve,45.55118417872238,-73.54087114334106
651,Dixie / 54e avenue,Lachine,45.44255264540259,-73.71770113706589
579,Dollard / Bernard,Outremont,45.51678269880724,-73.61142262816429
158,Dollard / Van Horne,Outremont,45.51887607468706,-73.6161071062088
7,Dorion / Ontario,Ville-Marie,45.526991277453526,-73.55821162462234
689,Drolet / Beaubien,Rosemont - La Petite-Patrie,45.533348,-73.605834
845,Drolet / Gounod,Villeray—Saint-Michel—Parc-Extension,45.54095134225734,-73.62637460231781
495,Drolet / Jarry,Villeray—Saint-Michel—Parc-Extension,45.54195463236575,-73.62994194030762
219,Drolet / Marie-Anne,Le Plateau-Mont-Royal,45.52240257341408,-73.58117669820786
732,Drolet / St-Zotique,Rosemont - La Petite-Patrie,45.53488214147823,-73.60941231250763
832,Drummond / Sherbrooke,Ville-Marie,45.50053575221416,-73.578113079202
884,Drummond / Ste-Catherine,Ville-Marie,45.49861674293281,-73.5741600394249
116,Drummond / de Maisonneuve,Ville-Marie,45.49984952085512,-73.57672896243457
458,Drummond / des-Canadiens-de-Montréal,Ville-Marie,45.49676067752141,-73.57027635600843
177,Du Quesne / de Marseille,Mercier - Hochelaga-Maisonneuve,45.575812361972055,-73.54123055934906
814,Dubois / Eadie,Le Sud-Ouest,45.45760820718457,-73.59051011502743
638,Duchesneau / de Marseille,Mercier - Hochelaga-Maisonneuve,45.60962627826218,-73.52273898082785
1060,Dudemaine / James-Morrice,Ahuntsic-Cartierville,45.534717640125805,-73.69273205651552
26,Duke / Nazareth,Ville-Marie,45.49572236030835,-73.55461344122887
387,Duluth  / St-Denis,Le Plateau-Mont-Royal,45.52062760607925,-73.57594907283782
131,Duluth / de l'Esplanade,Le Plateau-Mont-Royal,45.515132275425785,-73.58105599880219
1130,Dunkirk / Laird,Mont-Royal,45.51588782124145,-73.6423122882843
138,Durocher / Beaumont,Villeray—Saint-Michel—Parc-Extension,45.52799772330074,-73.61919969320297
371,Durocher / Bernard,Outremont,45.52222528598142,-73.60668718814848
215,Durocher / Sherbrooke,Le Plateau-Mont-Royal,45.507088290505685,-73.57227981090546
548,Duvernay / Charlevoix,Le Sud-Ouest,45.482097305112845,-73.57487753033638
808,Dézéry / Ontario,Mercier - Hochelaga-Maisonneuve,45.54095791741757,-73.54702949523926
975,Eadie / Galt,Le Sud-Ouest,45.46299810854156,-73.59011898464814
509,Earnscliffe / Queen-Mary,Côte-des-Neiges - Notre-Dame-de-Grâce,45.48184399150666,-73.6303972452879
1061,Edouard-Montpetit / de Stirling,Côte-des-Neiges - Notre-Dame-de-Grâce,45.50737888711866,-73.61485987901688
560,Egan / Laurendeau,Le Sud-Ouest,45.45290792768395,-73.58918591405198
615,Elgar / de l'Île-des-Sœurs,Verdun,45.45682318753668,-73.546804189682
1255,Elmwood / Mc Dougall,Outremont,45.51778642010814,-73.60364019870758
574,Ernest-Gendreau / du Mont-Royal,Rosemont - La Petite-Patrie,45.549713734001415,-73.56384828686714
1004,Esplanade / Rachel,Le Plateau-Mont-Royal,45.51631633525551,-73.58359336853027
569,Everett / Garnier,Villeray—Saint-Michel—Parc-Extension,45.54758153109644,-73.61220851540565
1113,Fabre / Bélanger,Rosemont - La Petite-Patrie,45.54531238320964,-73.60490083694458
1214,Fabre / Jean-Talon,Rosemont - La Petite-Patrie,45.546634811657086,-73.60776543617249
683,Fabre / Laurier,Le Plateau-Mont-Royal,45.53458691154375,-73.58259929347696
118,Fabre / St-Zotique,Rosemont - La Petite-Patrie,45.543653916207866,-73.60126135876271
524,Fabrik8 (Waverly / Jean-Talon),Villeray—Saint-Michel—Parc-Extension,45.53330725719417,-73.62082242965698
510,Faillon / St-Denis,Villeray—Saint-Michel—Parc-Extension,45.53989085278141,-73.62026989459991
836,Fairmount / Hutchison,Le Plateau-Mont-Royal,45.51969064184933,-73.59826556408734
644,Fernand-Lafontaine / Adoncour,Longueuil,45.5512193,-73.483912
250,Fortune / Wellington,Le Sud-Ouest,45.477923,-73.559038
607,Francis / Fleury,Ahuntsic-Cartierville,45.56387237463668,-73.6555677652359
48,Frontenac / Ste-Catherine,Ville-Marie,45.53006276144042,-73.54559183120728
483,Fullum / Gilford,Le Plateau-Mont-Royal,45.539198007249375,-73.5737818479538
284,Fullum / Marie-Anne,Le Plateau-Mont-Royal,45.53650541861215,-73.56803923845291
237,Fullum / Ontario,Ville-Marie,45.5303174,-73.5548669
1054,Fullum / Sherbrooke,Le Plateau-Mont-Royal,45.53378566312351,-73.56228053569794
220,Fullum / Ste-Catherine,Ville-Marie,45.527137816431285,-73.54804444319598
682,Fullum / Terrasse Mercure,Le Plateau-Mont-Royal,45.535541603465234,-73.56593906879425
193,Fullum / de Rouen,Ville-Marie,45.53225536243612,-73.55892024004788
363,Gagne / LaSalle,LaSalle,45.422451407155854,-73.601194024086
1182,Galt / de Verdun,Verdun,45.46215378258404,-73.57102463596675
504,Gare Bois-de-Boulogne,Ahuntsic-Cartierville,45.53972553109637,-73.67716491222382
1190,Gare Centrale (de la Gauchetière / Mansfield),Ville-Marie,45.49982531155875,-73.5660799094876
758,Gare LaSalle (Highlands),LaSalle,45.425612687757926,-73.65713578464238
796,Gare Lachine (Sir George Simpson / 48e avenue),Lachine,45.447821314280105,-73.71091783046722
523,Gare Montpellier (Muir / de la Côte-Vertu),Saint-Laurent,45.52374047147138,-73.67169924080372
752,Gare St-Michel / Montréal-Nord (Pie-IX / 56e),Montréal-Nord,45.583197821913785,-73.62978704273701
49,Gare d'autocars de Montréal (Berri / Ontario),Ville-Marie,45.516926210319546,-73.56425732374191
874,Gare du Ruisseau (Dutrisac / Henri-Bourassa),Saint-Laurent,45.52814371649508,-73.69254536926746
87,Garnier / Beaubien,Rosemont - La Petite-Patrie,45.54144823434163,-73.59839379787445
747,Garnier / Mont-Royal,Le Plateau-Mont-Royal,45.53075597398246,-73.5761762317452
272,Garnier / St-Grégoire,Le Plateau-Mont-Royal,45.5358215436799,-73.58710169792175
671,Garnier / St-Joseph,Le Plateau-Mont-Royal,45.53329492220251,-73.58165103477404
822,Garnier / Villeray,Villeray—Saint-Michel—Parc-Extension,45.54948004519436,-73.61605471489383
65,Gary-Carter / St-Laurent,Villeray—Saint-Michel—Parc-Extension,45.53613488953656,-73.62258464097977
291,Gauthier / Papineau,Le Plateau-Mont-Royal,45.52966629503036,-73.56733649969101
253,Gauthier / Parthenais,Le Plateau-Mont-Royal,45.53292625574653,-73.56377989053726
126,Gauthier / de Lorimier,Le Plateau-Mont-Royal,45.53166363055749,-73.56536373496056
1095,Georges-Baril / Sauriol,Ahuntsic-Cartierville,45.55751830545935,-73.65585073828697
1026,Georges-Vanier /  Notre-Dame,Le Sud-Ouest,45.48504525051504,-73.57192163679429
879,Gilford / Papineau,Le Plateau-Mont-Royal,45.5343936461316,-73.57823699712753
273,Gilford / St-Denis,Le Plateau-Mont-Royal,45.52497612960628,-73.58558893203735
380,Gilford / de Brébeuf,Le Plateau-Mont-Royal,45.530870247773066,-73.58155757188797
210,Gilford / des Érables,Le Plateau-Mont-Royal,45.53728040418993,-73.57534691691399
223,Gloria / Dollard,LaSalle,45.42971096449354,-73.633883446455
531,Graham / Brookfield,Mont-Royal,45.52022241072457,-73.62985610961914
459,Graham / Kindersley,Mont-Royal,45.514080696641386,-73.64694982767105
1093,Graham / Laird,Mont-Royal,45.5164742080171,-73.64198505878448
545,Graham / Wicksteed,Mont-Royal,45.51693654712809,-73.64048302173615
730,Grand Boulevard / Sherbrooke,Côte-des-Neiges - Notre-Dame-de-Grâce,45.46657823787709,-73.62330449748697
521,Grand Boulevard / de Terrebonne,Côte-des-Neiges - Notre-Dame-de-Grâce,45.470535000953966,-73.63165721297264
775,Greene / Workman,Le Sud-Ouest,45.481069047931975,-73.57935216285114
798,Grenet / Poirier,Saint-Laurent,45.51871924623225,-73.69875401258469
485,Grey / Sherbrooke,Côte-des-Neiges - Notre-Dame-de-Grâce,45.47629426230192,-73.60617488622665
772,Guizot / St-Denis,Villeray—Saint-Michel—Parc-Extension,45.543423548290185,-73.63246187567711
659,Guizot / St-Laurent,Villeray—Saint-Michel—Parc-Extension,45.53968044327973,-73.63450437784195
1083,Guy / Barré,Le Sud-Ouest,45.4897009285845,-73.56628775596619
173,Guy / Notre-Dame,Le Sud-Ouest,45.49000058071911,-73.56706600863617
303,Guy / Sainte-Catherine,Ville-Marie,45.49497512853125,-73.57777043248461
267,HEC (Decelles / Jean-Brillant),Côte-des-Neiges - Notre-Dame-de-Grâce,45.49772282989976,-73.61925333738327
94,Hamel / Sauriol,Ahuntsic-Cartierville,45.56157008176612,-73.65338176488876
242,Hamilton / Jolicoeur,Le Sud-Ouest,45.45670282849069,-73.59764268636354
835,Harvard / de Monkland,Côte-des-Neiges - Notre-Dame-de-Grâce,45.474565185029945,-73.62403571605682
270,Henri-Julien / Laurier,Le Plateau-Mont-Royal,45.52574657625029,-73.59033644199371
987,Henri-Julien / Mont-Royal,Le Plateau-Mont-Royal,45.52302929545924,-73.58409225940704
489,Henri-Julien / de Castelnau,Villeray—Saint-Michel—Parc-Extension,45.53789110878484,-73.6182153224945
535,Henri-Julien / du Carmel,Le Plateau-Mont-Royal,45.52795093787009,-73.59502326697111
424,Hickson / Wellington,Verdun,45.46487135471258,-73.56701731681824
714,Hillside / Ste-Catherine,Westmount,45.48282602624293,-73.59084337949753
691,Hochelaga / Chapleau,Ville-Marie,45.5343711000901,-73.55968952178955
421,Hochelaga / de l'Assomption,Mercier - Hochelaga-Maisonneuve,45.56688309109519,-73.53943817317486
776,Hodge / Laperrière,Saint-Laurent,45.51369983907863,-73.6650772206849
890,Hogan / Ontario,Ville-Marie,45.53530299560492,-73.55113729834557
375,Holt / Fullum,Rosemont - La Petite-Patrie,45.543937325185645,-73.58444631099701
881,Hotel-de-Ville / du Mont-Royal,Le Plateau-Mont-Royal,45.522178004145694,-73.58460858464241
1047,Hudson / Goyer,Côte-des-Neiges - Notre-Dame-de-Grâce,45.50743736785586,-73.63265757772751
1188,Hudson / de Kent,Côte-des-Neiges - Notre-Dame-de-Grâce,45.50592207073378,-73.62935185432434
364,Hutchison / Beaubien,Rosemont - La Petite-Patrie,45.52605851018324,-73.61296892166138
423,Hutchison / Prince-Arthur,Le Plateau-Mont-Royal,45.50975858607626,-73.57610732316971
312,Hutchison / Van Horne,Outremont,45.52497612960628,-73.61066222190857
227,Hélène-Baillargeon / St-Denis,Le Plateau-Mont-Royal,45.52974,-73.59527
456,Hôpital Général Juif (de la Côte-Ste-Catherine / Légaré),Côte-des-Neiges - Notre-Dame-de-Grâce,45.49624140543275,-73.62983867526054
827,Hôpital Maisonneuve-Rosemont (Rosemont / Chatelain),Rosemont - La Petite-Patrie,45.575707,-73.561562
575,Hôpital Pierre-Boucher (Jacques-Cartier / Bourdon),Longueuil,45.53653210295224,-73.4576690196991
708,Hôpital Sacré-Coeur (Forbes),Ahuntsic-Cartierville,45.5319435900764,-73.71360540390015
351,Hôpital Santa Cabrini (de Pontoise / d'Évreux),Saint-Léonard,45.58135403391153,-73.57260999085156
185,IUSMM (Georges-Villeneuve),Mercier - Hochelaga-Maisonneuve,45.58661042838809,-73.52969169616699
753,Industriel / Louis-J.-Lafortune,Boucherville,45.58190955549507,-73.45529912039638
516,Irwin / Allard,LaSalle,45.44890342900198,-73.6049048602581
469,Jacques-Casault / Christophe-Colomb,Ahuntsic-Cartierville,45.551961779348346,-73.6303174495697
795,Jacques-Le Ber / de la Pointe Nord,Verdun,45.47259900304475,-73.5398056358099
596,Jean Langlois / Fullum,Ville-Marie,45.526499983000186,-73.54575277422555
1082,Jean-Brillant / Decelles,Côte-des-Neiges - Notre-Dame-de-Grâce,45.49778597185361,-73.62017994139023
768,Jean-Paul-Vincent / Adoncour,Longueuil,45.5646764291021,-73.47957750896057
894,Jean-Rivard / du Cirque,Villeray—Saint-Michel—Parc-Extension,45.56268743796862,-73.61651211977005
53,Jean-Talon / de l'Épée,Villeray—Saint-Michel—Parc-Extension,45.52794135176983,-73.62388551235199
940,Jean-d’Estrées / Notre-Dame,Ville-Marie,45.49439027388589,-73.56391131877899
441,Jeanne-Mance / Beaubien,Rosemont - La Petite-Patrie,45.527650097960205,-73.61229971051216
259,Jeanne-Mance / Laurier,Le Plateau-Mont-Royal,45.52027633320609,-73.59497621666378
37,Jeanne-Mance / René-Lévesque,Ville-Marie,45.5063713381299,-73.5642009973526
100,Jeanne-Mance / Sherbrooke,Le Plateau-Mont-Royal,45.50928678961862,-73.57101917266846
853,Jeanne-Mance / St-Martin O,Laval,45.55729575447216,-73.74795377254486
372,Jeanne-Mance / St-Viateur,Le Plateau-Mont-Royal,45.523026476635074,-73.60184043645859
213,Jeanne-d'Arc / Ontario,Mercier - Hochelaga-Maisonneuve,45.54959767887176,-73.54187428951263
247,Jogues / Allard,Le Sud-Ouest,45.450020323797766,-73.60030621290207
133,Joseph-Manseau / René-Levesque,Ville-Marie,45.49168652100804,-73.57682347297668
645,Keller / Cousineau,Saint-Laurent,45.52355020292929,-73.7138856947422
527,Kirkfield / de Chambois,Côte-des-Neiges - Notre-Dame-de-Grâce,45.51293324107222,-73.63389015197754
728,La Fontaine / Alexandre-de-Sève,Ville-Marie,45.52330366033427,-73.55799973011017
981,La Fontaine / Cadillac,Mercier - Hochelaga-Maisonneuve,45.5698417467524,-73.52553829550743
976,La Fontaine / Lyall,Mercier - Hochelaga-Maisonneuve,45.57943760505458,-73.5196280479431
587,La Ronde,Ville-Marie,45.52156536710626,-73.53533238172531
11,La Tour de Montréal (Pierre-de-Coubertin / Bennett),Mercier - Hochelaga-Maisonneuve,45.55970526805903,-73.55155438184738
648,LaSalle / 37e avenue,LaSalle,45.41629466150536,-73.6129005253315
656,LaSalle / 90e avenue,LaSalle,45.41774583815495,-73.64518761634827
515,LaSalle / Crawford,Verdun,45.43791516514076,-73.58253550531117
352,LaSalle / Godin,Verdun,45.44693448484644,-73.57219934463501
197,Labadie / du Parc,Le Plateau-Mont-Royal,45.5198946757576,-73.59682738780975
1145,Labonté / Coteau-Rouge,Longueuil,45.52678709314503,-73.49153663970355
426,Lacombe / Victoria,Côte-des-Neiges - Notre-Dame-de-Grâce,45.49048314001669,-73.62913727760315
1097,Lafontaine / Panet,Ville-Marie,45.52209288121081,-73.55914508279966
407,Laforest / Dudemaine,Ahuntsic-Cartierville,45.539806548176045,-73.6872661113739
1235,Lahaie / Meunier,Laval,45.56822356902519,-73.68590623140335
479,Laird / Glencoe,Mont-Royal,45.50619158460727,-73.64230799681536
39,Lajeunesse / Villeray,Villeray—Saint-Michel—Parc-Extension,45.54218173507584,-73.62268656492233
313,Lajeunesse / de Liège,Villeray—Saint-Michel—Parc-Extension,45.54566376066234,-73.63510044919167
793,Lamarre / Lavallée,Longueuil,45.53374770433337,-73.48599582910538
46,Lanaudière / Jean-Talon,Villeray—Saint-Michel—Parc-Extension,45.545350334193245,-73.61032962799072
803,Langelier / Marie-Victorin,Montréal-Nord,45.61451982045293,-73.6118745803833
1127,Lanouette / de l'Église,Verdun,45.46337393327436,-73.57683420181274
298,Lapierre / Serge,LaSalle,45.43854405099729,-73.62021625041962
647,Larivière / de Lorimier,Ville-Marie,45.5291345371163,-73.55923354625702
83,Laurier / St-Denis,Le Plateau-Mont-Royal,45.52714838624861,-73.58947947621346
333,Laurier / de Bordeaux,Le Plateau-Mont-Royal,45.53725128371284,-73.57918381690979
326,Laurier / de Brébeuf,Le Plateau-Mont-Royal,45.53244901681983,-73.5847695171833
819,Laval / Duluth,Le Plateau-Mont-Royal,45.519192617838605,-73.57715926134915
969,Laval / Rachel,Le Plateau-Mont-Royal,45.52022449558384,-73.5795271396637
653,Laval / du Mont-Royal,Le Plateau-Mont-Royal,45.5223645775784,-73.58414590358734
842,Le Corbusier / St-Martin O,Laval,45.56500671740751,-73.7319054454565
935,Le Royer / St-Laurent,Ville-Marie,45.50597445022123,-73.55429930616083
864,Lebrun / Bédard,Longueuil,45.5470644513283,-73.45196210302673
1053,Legendre / André-Grasset,Ahuntsic-Cartierville,45.5585431972121,-73.63820562786714
811,Leman / de Chateaubriand,Villeray—Saint-Michel—Parc-Extension,45.54721107501036,-73.63105237483978
147,Letourneux / Hochelaga,Mercier - Hochelaga-Maisonneuve,45.55465888075087,-73.54660302400589
500,Letourneux / Ste-Catherine,Mercier - Hochelaga-Maisonneuve,45.55078357889704,-73.53409996037954
948,Lincoln / St-Marc,Ville-Marie,45.49404056072524,-73.58274042606354
802,Lincoln / St-Mathieu,Ville-Marie,45.49503704949293,-73.58157634735107
750,Lincoln / du Fort,Ville-Marie,45.49306511863136,-73.58382672071457
482,Lionel-Groulx / George-Vanier,Le Sud-Ouest,45.48632828127419,-73.57357263565062
597,Liébert / Hochelaga,Mercier - Hochelaga-Maisonneuve,45.59587457490178,-73.52352797985077
654,Logan / Lafayette,Longueuil,45.51654502289009,-73.50663459861607
627,Logan / Tiffin,Longueuil,45.513787364296896,-73.50874415600629
310,Logan / de Champlain,Ville-Marie,45.5231943285584,-73.55584256350994
1191,Louis-Hebert / Jean-Talon,Villeray—Saint-Michel—Parc-Extension,45.55289658319576,-73.60239302095579
718,Louis-Hébert / Bélanger,Villeray—Saint-Michel—Parc-Extension,45.55158518908433,-73.59916493296623
610,Louis-Hébert / St-Zotique,Rosemont - La Petite-Patrie,45.55001,-73.59576
265,Louis-Hébert / de Bellechasse,Rosemont - La Petite-Patrie,45.546661109634606,-73.58868420124054
673,Louis-Hémon / Jean-Talon,Villeray—Saint-Michel—Parc-Extension,45.5517742671765,-73.60347837231528
275,Louis-Hémon / Rosemont,Rosemont - La Petite-Patrie,45.544500877623655,-73.58810484409332
743,Louisbourg / O'Brien,Ahuntsic-Cartierville,45.53039449604383,-73.70393217686795
1075,Louvain / d'Iberville,Villeray—Saint-Michel—Parc-Extension,45.56939715879472,-73.63372097439424
620,Lucien L'Allier / St-Jacques,Ville-Marie,45.49354367087787,-73.568536271232
226,Léa-Roback / Sir-Georges-Etienne-Cartier,Le Sud-Ouest,45.471703687608354,-73.58268946409225
1228,Léon / Donck,Laval,45.55688821156085,-73.6895003914833
1027,Léonard-de-Vinci / Villeray,Villeray—Saint-Michel—Parc-Extension,45.56581967268723,-73.5998260974884
737,Mackay / René-Lévesque,Ville-Marie,45.49445745087875,-73.57411649085407
384,Mackay / Ste-Catherine,Ville-Marie,45.495774063803815,-73.57687845826149
715,Mackay / de Maisonneuve,Ville-Marie,45.496840189747,-73.5792407642475
465,Maguire / Henri-Julien,Le Plateau-Mont-Royal,45.527041096087785,-73.59347056655677
331,Maguire / St-Laurent,Le Plateau-Mont-Royal,45.52462848559264,-73.5958108305931
746,Mairie d'arrondissement LaSalle (Dupras / Jeannette),LaSalle,45.429166968311485,-73.66280972957611
843,Mairie d'arrondissement Montréal-Nord (Hébert / de Charleroi),Montréal-Nord,45.59398503487043,-73.63767206668854
530,Mairie d'arrondissement St-Laurent (Beaudet / Marcel-Laurin),Saint-Laurent,45.50682415585665,-73.68184804916382
781,Mansfield / Sherbrooke,Ville-Marie,45.50301533529815,-73.5751303658617
494,Mansfield / Ste-Catherine,Ville-Marie,45.50140664031126,-73.57165485620499
791,Mansfield / de la Gauchetière,Ville-Marie,45.499078974175056,-73.56702102351846
96,Marché Atwater,Le Sud-Ouest,45.48020822800015,-73.57759863138199
58,Marché Jean-Talon (Casgrain / Shamrock),Rosemont - La Petite-Patrie,45.53519006163501,-73.61548215150833
143,Marché Jean-Talon (Henri-Julien / Jean-Talon),Rosemont - La Petite-Patrie,45.53678525128436,-73.6148879583925
85,Marché Maisonneuve,Mercier - Hochelaga-Maisonneuve,45.55321884238814,-73.53978216648102
829,Marcil / Sherbrooke,Côte-des-Neiges - Notre-Dame-de-Grâce,45.471743,-73.613924
1080,Marcil / de la Côte Saint Luc,Côte-des-Neiges - Notre-Dame-de-Grâce,45.47835429860073,-73.62848530239717
936,Marianne / de Lorimier,Le Plateau-Mont-Royal,45.53402821126129,-73.57024937868117
817,Marie / de Mont-Royal,Longueuil,45.497292117993744,-73.48374999130101
707,Marie-Anne / Papineau,Le Plateau-Mont-Royal,45.53176697148175,-73.5724139213562
150,Marie-Anne / St-Hubert,Le Plateau-Mont-Royal,45.5246829812827,-73.5788968205452
820,Marie-Anne / de la Roche,Le Plateau-Mont-Royal,45.52755050760189,-73.5762870311737
4,Marmier / St-Denis,Rosemont - La Petite-Patrie,45.53102667048665,-73.59862312674522
603,Marquette / Fleury,Ahuntsic-Cartierville,45.56735205736566,-73.65378744900227
165,Marquette / Laurier,Le Plateau-Mont-Royal,45.53543,-73.5822
297,Marquette / Rachel,Le Plateau-Mont-Royal,45.52983801723605,-73.5703244805336
1089,Marquette / des Carrières,Rosemont - La Petite-Patrie,45.53859456744162,-73.58865737915039
799,Marquette / du Coteau-Rouge,Longueuil,45.52022330145822,-73.49676324058237
119,Marquette / du Mont-Royal,Le Plateau-Mont-Royal,45.53221791147474,-73.57543140649796
75,Masson / Molson,Rosemont - La Petite-Patrie,45.54434593245247,-73.57697686180472
840,Mayfield / St-Martin O,Laval,45.553017541248565,-73.75822663307189
882,Mc Gill / Place d'Youville,Ville-Marie,45.500014581102505,-73.55625258141116
665,McCulloch / de la Côte Ste-Catherine,Outremont,45.51577505385328,-73.60060930252075
202,McGill / Wellington,Ville-Marie,45.499447710650415,-73.55489909648894
1110,McGill / des Récollets,Ville-Marie,45.5008091986628,-73.55894923210143
481,McKenna / Édouard-Montpetit,Côte-des-Neiges - Notre-Dame-de-Grâce,45.50116436275711,-73.62056359648705
130,McLynn / Plamondon,Côte-des-Neiges - Notre-Dame-de-Grâce,45.48911308766352,-73.6470128595829
755,McNamara / St-Martin O,Laval,45.57120355585774,-73.72351884841918
68,McTavish / Sherbrooke,Ville-Marie,45.50277615861811,-73.57589408755302
1201,Melrose / de Verdun,Verdun,45.45381979371188,-73.57238446649716
315,Melville / de Maisonneuve,Westmount,45.48184019359366,-73.59537899494171
20,Messier / St-Joseph,Le Plateau-Mont-Royal,45.53946063965585,-73.57605636119843
120,Messier / du Mont-Royal,Le Plateau-Mont-Royal,45.53711414,-73.5710031
599,Metcalfe / de Maisonneuve,Ville-Marie,45.501804363327565,-73.57434511184692
542,Michelet / Jean-Talon,Saint-Léonard,45.57627820285533,-73.58353972434998
244,Milton / Durocher,Le Plateau-Mont-Royal,45.508140959417744,-73.57492983341217
63,Milton / St-Laurent,Le Plateau-Mont-Royal,45.512903912221326,-73.57059180741999
164,Milton / University,Le Plateau-Mont-Royal,45.50651983995355,-73.57640504837036
432,Milton / du Parc,Le Plateau-Mont-Royal,45.50936142835129,-73.57386365532875
562,Molson / Beaubien,Rosemont - La Petite-Patrie,45.54968589617967,-73.59115451574326
304,Molson / Wiliam-Tremblay,Rosemont - La Petite-Patrie,45.541602844435374,-73.56496073305605
129,Monk / de Biencourt,Le Sud-Ouest,45.45866319241031,-73.59602272510529
994,Mont-Royal / St-Denis,Le Plateau-Mont-Royal,45.52387117795268,-73.58307838439941
208,Montcalm / Ontario,Ville-Marie,45.52110494530867,-73.56229394674301
160,Montcalm / de Maisonneuve,Ville-Marie,45.519131967116216,-73.55788965214742
374,Montmorency / Legrand,Laval,45.55406725747279,-73.70949894189833
991,Montmorency / du bon Pasteur,Laval,45.55329239896619,-73.71069212807924
923,Morin / du Parc,Laval,45.60315830089783,-73.65980833768845
961,Mountain Sights / Édouard-Montpetit,Côte-des-Neiges - Notre-Dame-de-Grâce,45.4872273014705,-73.63343954086304
1186,Mozart / Drolet,Rosemont - La Petite-Patrie,45.53632505680015,-73.61286163330078
713,Mozart / St-Laurent,Rosemont - La Petite-Patrie,45.53328624709234,-73.61546382309369
278,Mozart / Waverly,Rosemont - La Petite-Patrie,45.5315236502754,-73.61701235175133
360,Murray / Wellington,Le Sud-Ouest,45.49225247724067,-73.55850666761398
394,Métro Acadie (de l'Acadie / Beaumont),Villeray—Saint-Michel—Parc-Extension,45.52357479400008,-73.62344294786453
246,Métro Angrignon (Lamont / des Trinitaires),Le Sud-Ouest,45.44650450192042,-73.6025619506836
511,Métro Assomption (Chauveau / de l'Assomption),Mercier - Hochelaga-Maisonneuve,45.569789,-73.548081
99,Métro Atwater (Atwater / Ste-Catherine),Ville-Marie,45.48952522221574,-73.5844581949641
764,Métro Beaubien (de Chateaubriand / Beaubien),Rosemont - La Petite-Patrie,45.5353599615622,-73.60363483428955
1185,Métro Beaubien (de St-Vallier / Beaubien),Rosemont - La Petite-Patrie,45.53478444274838,-73.60463261604308
146,Métro Beaudry (Beaudry / Ste-Catherine),Ville-Marie,45.51888453178292,-73.55593845248222
443,Métro Bonaventure (de la Gauchetière / de la Cathédrale),Ville-Marie,45.49831217703312,-73.56725603342056
478,Métro Cadillac (Cadillac / Sherbrooke),Mercier - Hochelaga-Maisonneuve,45.57683333463968,-73.54647415224463
617,Métro Cartier,Laval,45.56007440937141,-73.68125259876251
742,Métro Champ-de-Mars (Hôtel-de-Ville / Viger),Ville-Marie,45.50956143036354,-73.55743234369584
1,Métro Champ-de-Mars (Viger / Sanguinet),Ville-Marie,45.51025293429709,-73.55677664279938
1163,Métro Charlevoix (Centre / Charlevoix),Le Sud-Ouest,45.47840089832752,-73.56956273317337
287,Métro Charlevoix (Charlevoix / Centre),Le Sud-Ouest,45.47840064366771,-73.56917751956644
399,Métro Crémazie (Crémazie / Lajeunesse),Ahuntsic-Cartierville,45.54640752148169,-73.63842844963074
580,Métro Côte-Ste-Catherine (Beaucourt / de la Côte-Ste-Catherine),Côte-des-Neiges - Notre-Dame-de-Grâce,45.491513,-73.633649
341,Métro Côte-des-Neiges (Jean-Brillant / de la Côte-des-Neiges),Côte-des-Neiges - Notre-Dame-de-Grâce,45.4955375395181,-73.6222583055769
1136,Métro Fabre (Garnier / Jean-Talon),Rosemont - La Petite-Patrie,45.546074528795934,-73.60860433436756
388,Métro Frontenac (Ontario / du Havre),Ville-Marie,45.53370598779895,-73.55217933654784
1091,Métro Georges-Vanier (Georges-Vanier / Coursol),Le Sud-Ouest,45.48817596112252,-73.57595980167389
288,Métro Georges-Vanier (St-Antoine / Canning),Le Sud-Ouest,45.4891,-73.57656
1159,Métro Georges-Vanier (Terrasse Coursol / Canning),Le Sud-Ouest,45.48882629021402,-73.57531207291686
91,Métro Henri-Bourassa (Henri-Bourassa / Millen),Ahuntsic-Cartierville,45.55675103297278,-73.66716161370277
282,Métro Honoré-Beaugrand (Sherbrooke / Honoré-Beaugrand),Mercier - Hochelaga-Maisonneuve,45.59685627935051,-73.53526366878214
452,Métro Jarry (Lajeunesse / Jarry),Villeray—Saint-Michel—Parc-Extension,45.54355974189168,-73.62777203321457
431,Métro Jean-Talon (Berri / Jean-Talon),Villeray—Saint-Michel—Parc-Extension,45.53900036432657,-73.6142510175705
231,Métro Jolicoeur (de Sève / Drake),Le Sud-Ouest,45.45608545783109,-73.58193710446358
88,Métro Joliette  (Hochelaga / Joliette),Mercier - Hochelaga-Maisonneuve,45.54699194653282,-73.55115339159964
522,Métro Langelier (Langelier / Sherbrooke),Mercier - Hochelaga-Maisonneuve,45.58284663189181,-73.54247644543648
209,Métro Lasalle (de Rushbrooke / Caisse),Verdun,45.47039991066639,-73.56551858292733
201,Métro Laurier (Berri / St-Joseph),Le Plateau-Mont-Royal,45.52723106564012,-73.58672618865965
35,Métro Lionel-Groulx (St-Jacques / Atwater),Le Sud-Ouest,45.48295816149219,-73.57975836854166
519,Métro Longueuil - Université de Sherbrooke (du Terminus),Longueuil,45.5233308452134,-73.52013658267424
396,Métro Lucien-L'Allier (Lucien l'Allier / Argyle),Ville-Marie,45.49487159597493,-73.57112377882004
301,Métro Monk (Allard / Beaulieu),Le Sud-Ouest,45.451030919298056,-73.5939010977745
1045,Métro Monk (Allard / Briand),Le Sud-Ouest,45.45133291842274,-73.59250903129578
42,Métro Mont-Royal (Utilités publiques / Rivard),Le Plateau-Mont-Royal,45.52423612093815,-73.58155220746994
667,Métro Montmorency,Laval,45.55814299291968,-73.71942043304443
390,Métro Papineau (Dorion / De Maisonneuve),Ville-Marie,45.5238445756922,-73.55236601831166
31,Métro Parc  (Hutchison / Ogilvy),Villeray—Saint-Michel—Parc-Extension,45.53035130173597,-73.6243924498558
74,Métro Peel (de Maisonneuve / Stanley),Ville-Marie,45.50038,-73.57507
101,Métro Pie-IX (Pierre-de-Coubertin / Desjardins),Mercier - Hochelaga-Maisonneuve,45.55437339981968,-73.55137467384337
1090,Métro Place Saint-Henri ( Charlebois / Saint-Ferdinand),Le Sud-Ouest,45.47689913441439,-73.58656793832779
329,Métro Place Saint-Henri (St-Ferdinand / St-Jacques),Le Sud-Ouest,45.47728092665489,-73.58730420470238
1220,Métro Place-d'Armes (St-Urbain / Viger),Ville-Marie,45.5063863763071,-73.55969488620758
428,Métro Place-des-Arts (du Président-Kennedy / Jeanne-Mance),Ville-Marie,45.50820461505136,-73.56881439685822
320,Métro Plamondon (de Kent / Victoria),Côte-des-Neiges - Notre-Dame-de-Grâce,45.494686752797904,-73.63871866467889
314,Métro Préfontaine (Moreau / Hochelaga),Mercier - Hochelaga-Maisonneuve,45.541374968866094,-73.5542231798172
727,Métro Préfontaine (Préfontaine / Hochelaga),Mercier - Hochelaga-Maisonneuve,45.54224663397568,-73.55461478233337
194,Métro Radisson (Sherbrooke / des Groseilliers),Mercier - Hochelaga-Maisonneuve,45.58917500418707,-73.53965610265732
145,Métro Rosemont (de St-Vallier / Rosemont),Rosemont - La Petite-Patrie,45.531921043052655,-73.59804779291153
82,Métro Sauvé (Berri / Sauvé),Ahuntsic-Cartierville,45.55069206841976,-73.65636706352234
24,Métro Sherbrooke (de Rigaud / Berri),Le Plateau-Mont-Royal,45.51814312154928,-73.56800436973572
586,Métro Snowdon (Circle / Queen-Mary),Côte-des-Neiges - Notre-Dame-de-Grâce,45.48514885008702,-73.6275440454483
57,Métro St-Laurent ( de Maisonneuve / St-Laurent),Ville-Marie,45.51074821798916,-73.56512099504471
69,Métro St-Michel (Shaughnessy / St-Michel),Villeray—Saint-Michel—Parc-Extension,45.55897660298603,-73.59951764345168
422,Métro Université de Montréal (Édouard-Montpetit / Louis-Collin),Côte-des-Neiges - Notre-Dame-de-Grâce,45.50363996257211,-73.6182689666748
216,Métro Vendôme (de Marlowe / de Maisonneuve),Côte-des-Neiges - Notre-Dame-de-Grâce,45.47393028235147,-73.60473453998564
1262,Métro Verdun (Willibrord / de Verdun ),Verdun,45.45944220460236,-73.57252441513992
389,Métro Viau ( Pierre-de-Coubertin / Viau),Mercier - Hochelaga-Maisonneuve,45.56221872617909,-73.54626774787903
335,Métro Villa-Maria (de Monkland / Décarie),Côte-des-Neiges - Notre-Dame-de-Grâce,45.4789683985657,-73.61959934234618
470,Métro de Castelnau (de Castelnau / St-Laurent),Villeray—Saint-Michel—Parc-Extension,45.53552563367942,-73.61981123685837
498,Métro de l'Église (Ross / de l'Église),Verdun,45.46283577794114,-73.565876549128
852,Métro de la Concorde (Léo-Lacombe),Laval,45.5604898518365,-73.7091851234436
712,Métro de la Savane (Décarie / de Sorel),Côte-des-Neiges - Notre-Dame-de-Grâce,45.500251758943925,-73.66171056035454
561,Métro du Collège (Cartier / Décarie),Saint-Laurent,45.50843904979172,-73.6729645729065
461,Métro Édouard-Montpetit (du Mont-Royal / Vincent-d'Indy),Outremont,45.5102725432849,-73.61140972936482
996,N.-P. Lapierre / Armand-Frappier,Sainte-Julie,45.57978196712583,-73.34458894098134
783,Natatorium (LaSalle / Rolland),Verdun,45.4443505862464,-73.57542979723802
1230,Newman / Léger,LaSalle,45.4423746754694,-73.61801972726425
513,Newman / Senkus,LaSalle,45.44404309237571,-73.61375212669373
626,Nicolet / Sherbrooke,Mercier - Hochelaga-Maisonneuve,45.54969542033443,-73.55464696884155
199,Notre-Dame  / St-Martin,Le Sud-Ouest,45.48830194643546,-73.56871783733366
1189,Notre-Dame / Gauvin,Ville-Marie,45.49997974915214,-73.56027960777283
230,Notre-Dame / St-Gabriel,Ville-Marie,45.50714391928411,-73.55511903762817
600,Notre-Dame-de-Grâce / Décarie,Côte-des-Neiges - Notre-Dame-de-Grâce,45.477332647079656,-73.61529976129532
473,Notre-Dame-de-Grâce / Westmount,Westmount,45.48046706437983,-73.61122308304402
592,O'Brien / Poirier,Saint-Laurent,45.52252484113786,-73.69143962860107
25,Omer-Lavallée / du Midway,Rosemont - La Petite-Patrie,45.5457759528664,-73.56217458844185
760,Ontario / Sicard,Mercier - Hochelaga-Maisonneuve,45.55626186680846,-73.53744059801102
32,Ontario / Ville-Marie,Mercier - Hochelaga-Maisonneuve,45.56001959585449,-73.534934520776
1129,Ottawa / Peel,Le Sud-Ouest,45.49417217345992,-73.55937838554382
356,Ottawa / William,Le Sud-Ouest,45.48972725318433,-73.56406286358833
114,Ottawa / du Séminaire,Le Sud-Ouest,45.4912954250061,-73.56159925460815
839,Ouimet / Goineau,Laval,45.57504823374693,-73.68799567222595
449,Panet / Ste-Catherine,Ville-Marie,45.51999897796297,-73.5548883676529
724,Panet / de Maisonneuve,Ville-Marie,45.52056370996958,-73.55610340833664
537,Papineau / Émile-Journault,Villeray—Saint-Michel—Parc-Extension,45.55988367688166,-73.63356828689575
792,Parc Aimé-Léonard (Gouin / Ste-Gertrude),Montréal-Nord,45.60835820969716,-73.63850623369217
692,Parc Armand-Bombardier (Perras / Armand-Bombardier),Rivière-des-Prairies - Pointe-aux-Trembles,45.6391233,-73.5961118
604,Parc Atwater (Saint-Charles),Le Sud-Ouest,45.47730088343685,-73.57314472410508
292,Parc Baldwin (Chapleau / Sherbrooke),Le Plateau-Mont-Royal,45.53536352346638,-73.56201391202376
771,Parc Bariteau (Saint-Georges),Longueuil,45.507181850364056,-73.49484494889111
605,Parc Beaubien Outremont (Stuart / St-Viateur),Outremont,45.51596969492227,-73.60827505588531
623,Parc Beaulac (rue Élizabeth),Saint-Laurent,45.5200557245067,-73.67795147001743
576,Parc Benny (Benny / de Monkland),Côte-des-Neiges - Notre-Dame-de-Grâce,45.46693565237702,-73.63153114914894
767,Parc Chamberland (Dorais / de l'Église),Saint-Laurent,45.502989,-73.689113
476,Parc Champdoré (Champdoré / de Lille),Villeray—Saint-Michel—Parc-Extension,45.5692509593831,-73.63642623429769
797,Parc Charleroi (Alfred / Louis-Francoeur),Montréal-Nord,45.59953472156509,-73.62360253930092
779,Parc Chenier (de l'Aréna / Chenier),Anjou,45.60248649638568,-73.5432904958725
920,Parc Chopin (Dumouchel / Tessier),Laval,45.570726609302966,-73.7370860205192
619,Parc Courbertin (Valéry / Perrier),Saint-Léonard,45.5839877335556,-73.60809333622456
872,Parc D.-E.-Joyal (Édouard / Windsor),Longueuil,45.50073113467841,-73.47395724618764
675,Parc Delorme (Malouin / Laferté),Saint-Léonard,45.5904902,-73.5902694
867,Parc Ernest-Rouleau (Gouin),Rivière-des-Prairies - Pointe-aux-Trembles,45.63131269772338,-73.61631497740746
568,Parc Eusèbe-Ménard (Gouin / St-Vital),Montréal-Nord,45.59253950875074,-73.64874824881554
567,Parc Ferland (Belleherbe / Albanel),Saint-Léonard,45.59573798024675,-73.59529852867126
641,Parc Félix-Leclerc (François-Boivin / St-Zotique),Mercier - Hochelaga-Maisonneuve,45.5914549914687,-73.56275528669356
221,Parc Garibaldi (Liénart / Bélanger),Saint-Léonard,45.586476480180046,-73.570396900177
228,Parc Georges St-Pierre (Oxford / Upper Lachine),Côte-des-Neiges - Notre-Dame-de-Grâce,45.46887995929811,-73.60943913459778
609,Parc Grovehill (St-Antoine / Ivan-Franko),Lachine,45.43982382100397,-73.69487822055817
956,Parc Hector-Toe-Blake (du Sussex / René-Lévesque),Ville-Marie,45.48915410275294,-73.58088755610879
851,Parc Henri-Dunant (Léger / Henri-Dunant),Laval,45.56843961893042,-73.6752020941276
520,Parc Henri-Julien (Legendre / Henri-Julien),Ahuntsic-Cartierville,45.54612833838664,-73.64650368695946
506,Parc Hilda-Ramacière (de Bullion / Prince-Arthur),Le Plateau-Mont-Royal,45.51562131982338,-73.57212960720062
632,Parc Honoré-Mercier (Notre-Dame / Liébert),Mercier - Hochelaga-Maisonneuve,45.59275253568305,-73.51035632193089
1252,Parc Howard,Villeray—Saint-Michel—Parc-Extension,45.53337693203317,-73.64228380847635
538,Parc Howard (de l'Épée / de Liège),Villeray—Saint-Michel—Parc-Extension,45.53318929909303,-73.64188581705093
547,Parc Hébert (Colbert / Provencher),Saint-Léonard,45.57237805962001,-73.59370462596415
784,Parc J.-Arthur-Champagne (de Chambly / du Mont-Royal),Rosemont - La Petite-Patrie,45.551584,-73.561916
518,Parc Jean-Drapeau (Chemin Macdonald),Ville-Marie,45.512470265414784,-73.53212228978008
12,Parc Jeanne-Mance (du Mont-Royal / du Parc),Le Plateau-Mont-Royal,45.51689731423111,-73.58910799026489
13,Parc Jeanne-Mance (monument sir George-Étienne-Cartier),Le Plateau-Mont-Royal,45.51487490356938,-73.58486406505108
140,Parc Joseph-Robin (18e avenue / Everett),Villeray—Saint-Michel—Parc-Extension,45.56481129244175,-73.59580412507057
662,Parc Joyce (Rockland / Lajoie),Outremont,45.515617,-73.614991
585,Parc Kirkland (des Érables / Boyer),Lachine,45.44606092178209,-73.65079946815968
268,Parc LaSalle (10e avenue / Victoria),Lachine,45.43805550384184,-73.67273926734924
602,Parc Labelle (LaSalle / Henri-Duhamel),Verdun,45.47256100297732,-73.56998920440674
497,Parc Lacharité (Latour / Forget),LaSalle,45.41773748108526,-73.62338548639853
191,Parc Lalancette (de Rouen / Valois),Mercier - Hochelaga-Maisonneuve,45.54814504700217,-73.5471260547638
328,Parc Laurier (Laurier / Dubuc),Longueuil,45.53361054753236,-73.47374618053436
672,Parc Loyola (Doherty / Somerled),Côte-des-Neiges - Notre-Dame-de-Grâce,45.45973217968101,-73.64468067884445
621,Parc Ludger-Duvernay (St-André / St-Hubert),Le Plateau-Mont-Royal,45.53147464147482,-73.59242051839828
438,Parc Luigi-Pirandello (de Bretagne / Jean-Rivard),Saint-Léonard,45.57940569041942,-73.60258877277374
369,Parc MacDonald (Clanranald / Isabella),Côte-des-Neiges - Notre-Dame-de-Grâce,45.48274245886277,-73.63497912883759
430,Parc Maisonneuve (Viau / Sherbrooke),Rosemont - La Petite-Patrie,45.56493679334249,-73.5555911064148
716,Parc Marlborough (Beauzèle / Robichaud),Saint-Laurent,45.52234149817879,-73.72167885303497
684,Parc Maurice-Bélanger (Hébert / Denommée),Montréal-Nord,45.5877138098252,-73.63171823322773
28,Parc Molson (d'Iberville / Beaubien),Rosemont - La Petite-Patrie,45.54902230455398,-73.59198164194822
445,Parc Nicolas-Tillemont (des Érables / Villeray),Villeray—Saint-Michel—Parc-Extension,45.55463653358596,-73.61255215771962
809,Parc Noel-Nord (Toupin / Keller),Saint-Laurent,45.51758306374252,-73.72661411762238
630,Parc Olympique (Pie-IX / Sherbrooke),Mercier - Hochelaga-Maisonneuve,45.554824549823,-73.55370283126831
636,Parc Ottawa (de Belleville / Fleury),Montréal-Nord,45.58116,-73.6412434
655,Parc Plage,Ville-Marie,45.50263299287665,-73.52748987080304
625,Parc Pratt (Dunlop / Van Horne),Outremont,45.51491895406187,-73.61968517303467
697,Parc Père-Marquette (Chambord / Rosemont),Rosemont - La Petite-Patrie,45.53708783301333,-73.59321847558022
455,Parc Reine-Élizabeth (Penniston / Crawford),Verdun,45.43914465255811,-73.59173655509949
794,Parc Sauvé (Balzac / de Bayonne),Montréal-Nord,45.598880374710674,-73.63657951360437
759,Parc St-Claude (7e Avenue / 8e rue),Laval,45.56206585263884,-73.69186341762543
289,Parc St-Gabriel (Grand Trunk / Ropery),Le Sud-Ouest,45.478545712518894,-73.56572315096855
397,Parc St-Henri (Laporte / Guay),Le Sud-Ouest,45.4801160762769,-73.58560770750046
710,Parc St-Laurent (Dutrisac),Saint-Laurent,45.52591381815231,-73.68911147117615
782,Parc St-Laurent (Salk / Thomas-Chapais),Montréal-Nord,45.6062348,-73.6287838
608,Parc St-Louis (St-Joseph / 34e avenue),Lachine,45.432839840726125,-73.69349151849747
555,Parc St-Patrick (St-Patrick / St-Columban),Le Sud-Ouest,45.48870785150952,-73.55899317193689
512,Parc St-Paul (Le Caron / Marc-Sauvalle),Le Sud-Ouest,45.46174102134744,-73.58412176370621
825,Parc St-Sacrement (des Seigneurs / St-Sacrement),Terrebonne,45.70234934325735,-73.63957804443088
583,Parc Stoney-Point (St-Joseph / 47e avenue),Lachine,45.43656827071224,-73.70836973190308
502,Parc Summerlea (53e avenue / St-Joseph),Lachine,45.43836713933041,-73.71546685695648
302,Parc Van Horne (de la Peltrie / de Westbury),Côte-des-Neiges - Notre-Dame-de-Grâce,45.490494421832885,-73.63852232694626
392,Parc Villeray (Christophe-Colomb / Jarry),Villeray—Saint-Michel—Parc-Extension,45.54851320767611,-73.62365484237671
685,Parc Wilfrid-Bastien (Lacordaire / des Galets),Saint-Léonard,45.5864002,-73.5952181
731,Parc d'Antioche (Place d'Antioche / St-Zotique),Anjou,45.59566584124368,-73.5596626996994
649,Parc de Beauséjour (Gouin / Henri-d'Arles),Ahuntsic-Cartierville,45.526765,-73.730423
528,Parc de Dieppe,Ville-Marie,45.501863463435576,-73.5439610481262
883,Parc de Montréal-Est (Notre-Dame / David),Montréal-Est,45.61316323215739,-73.50989364087582
876,Parc de l'Hôtel-de-Ville (Ste-Julie / Laurendeau),Montréal-Est,45.63068604376728,-73.4948467835784
212,Parc de la Confédération (Fielding / West Hill),Côte-des-Neiges - Notre-Dame-de-Grâce,45.47188199358608,-73.64002168178558
117,Parc de la Louisiane (31e avenue / de Bellechasse),Rosemont - La Petite-Patrie,45.566542615726334,-73.57124984264374
353,Parc des Hirondelles (Fleury / André-Jobin),Ahuntsic-Cartierville,45.5762948651025,-73.646759390831
266,Parc des Rapides (LaSalle / 6e avenue),LaSalle,45.42947143740888,-73.59309915918857
800,Parc des Vétérans (des Vétérans / Broadway),Montréal-Est,45.63147192165401,-73.50819479674101
670,Parc du Bois-Franc (de l'Équateur / des Andes),Saint-Laurent,45.51317758246596,-73.71306091547012
447,Parc du Mail (Bois de Coulonges / du Mail),Anjou,45.59833498124187,-73.54596734046936
1168,Parc du Père-Marquette (de Bellechasse / de Lanaudière),Rosemont - La Petite-Patrie,45.539306918976,-73.59521873295307
167,Parc du Pélican (1ere Ave / Masson),Rosemont - La Petite-Patrie,45.54518840394769,-73.57644259929657
337,Parc du Pélican (2e avenue / St-Joseph),Rosemont - La Petite-Patrie,45.54458083116821,-73.5717111825943
669,Parc nature de l'Île-de-la-Visitation (Gouin / de Bruchési),Ahuntsic-Cartierville,45.57833184623925,-73.65595400333405
1183,Parc Émilie-Gamelin (St-Hubert / de Maisonneuve sud),Ville-Marie,45.51586835126322,-73.56008380651474
582,Park Row O / Sherbrooke,Côte-des-Neiges - Notre-Dame-de-Grâce,45.46072936353252,-73.63407254219055
892,Parthenais / Larivière,Ville-Marie,45.53025954525953,-73.55784621096973
181,Parthenais / du Mont-Royal,Le Plateau-Mont-Royal,45.53640396516409,-73.57141345739365
622,Paré / Mountain Sights,Côte-des-Neiges - Notre-Dame-de-Grâce,45.49810026070624,-73.65294188261032
1116,Patricia / Sherbrooke,Côte-des-Neiges - Notre-Dame-de-Grâce,45.45523900436301,-73.6417007446289
21,Peel / Notre-Dame,Ville-Marie,45.49544692088696,-73.56329441070557
169,Peel / Ottawa,Le Sud-Ouest,45.49419955357054,-73.55998456478119
1050,Pierce / Maisonneuve,Ville-Marie,45.49515361872507,-73.57973098754883
1001,Pierce / Ste-Catherine,Ville-Marie,45.49450684445683,-73.57859909534454
807,Pierre-Péladeau / du Centropolis,Laval,45.56251175219665,-73.74370649456978
8,Pierre-de-Coubertin / Aird,Mercier - Hochelaga-Maisonneuve,45.55903106539297,-73.54830354452133
233,Pierre-de-Coubertin / Langelier,Mercier - Hochelaga-Maisonneuve,45.580314546424674,-73.5353136062622
748,Place Charles-Le Moyne (St-Charles),Longueuil,45.52504512475178,-73.51951967460082
584,Place Longueuil,Longueuil,45.52841043752244,-73.51716578006744
477,Place Rodolphe-Rousseau (Gohier / Édouard-Laurin),Saint-Laurent,45.5129938566323,-73.68249848484993
71,Place Valois (Valois / Ontario),Mercier - Hochelaga-Maisonneuve,45.54714142711512,-73.54339510202408
1184,Place Ville-Marie (Robert-Bourassa / René-Lévesque),Ville-Marie,45.5021829099012,-73.56825381517409
166,Place des Festivals (du Président-Kennedy / de Bleury),Ville-Marie,45.50764392965887,-73.56932401657104
404,Place du Canada (Peel / des Canadiens-de-Montréal),Ville-Marie,45.49788352593901,-73.56856763362885
327,Place du Commerce,Verdun,45.46714,-73.54259
382,Place du Village (St-Jean-Baptiste / Notre-Dame),Rivière-des-Prairies - Pointe-aux-Trembles,45.640002860465096,-73.49011301994324
751,Plessis / Logan,Ville-Marie,45.5218942750191,-73.55725058932876
276,Plessis / Ontario,Ville-Marie,45.523593057451045,-73.56109768152237
944,Plessis / René-Lévesque,Ville-Marie,45.51937504116866,-73.55190977454185
628,Plymouth / Chem.Eden,Mont-Royal,45.50648882378224,-73.66047888994217
271,Pontiac / Gilford,Le Plateau-Mont-Royal,45.527009334270645,-73.58576595783234
403,Porte de Québec / St-André,Ville-Marie,45.51329411414168,-73.55057805776596
347,Poupart / Logan,Ville-Marie,45.52997432204594,-73.54900679552884
378,Poupart / Ontario,Ville-Marie,45.53183672649831,-73.55348825454712
132,Pratt / Bates,Outremont,45.51694782364431,-73.62631559371948
122,Prince-Arthur / St-Urbain,Le Plateau-Mont-Royal,45.51262123436571,-73.5737282037735
1154,Prince-Arthur / Ste-Famille,Le Plateau-Mont-Royal,45.511670167106246,-73.57463479042053
234,Prince-Arthur / du Parc,Le Plateau-Mont-Royal,45.51044465753362,-73.5755842924118
963,Principale / Jean-Duceppe,Sainte-Julie,45.587907229193526,-73.34771825004282
38,Préfontaine / Marcel-Pépin,Rosemont - La Petite-Patrie,45.54365380040509,-73.55942063033581
769,Péloquin / Fleury,Ahuntsic-Cartierville,45.55702223161539,-73.6599015713
700,Quai Yvon-Julien (Marie-Victorin / de Montarville),Boucherville,45.60671804224378,-73.45692034810781
589,Quai de la navette fluviale,Ville-Marie,45.51366626207095,-73.53842496871948
386,Queen / Wellington,Ville-Marie,45.49760527699099,-73.55534970760345
152,Querbes / Laurier,Outremont,45.517503062030734,-73.59790614807935
870,Quinn / St-Laurent,Longueuil,45.532979725745726,-73.51057700827367
103,Rachel / de Brébeuf,Le Plateau-Mont-Royal,45.52689,-73.57264
1144,Redfern / Ste-Catherine,Westmount,45.48324938538366,-73.59100565314293
877,Redpath / Sherbrooke,Ville-Marie,45.49807529130555,-73.58057856559753
121,Regina / de Verdun,Verdun,45.46729397908692,-73.57081098485651
90,René-Lévesque / Panet,Ville-Marie,45.51862424058306,-73.55219006538391
44,René-Lévesque / Papineau,Ville-Marie,45.52097057660443,-73.5499919950962
643,René-Philippe / André-Charpentier,Longueuil,45.49696767673768,-73.49533898759546
419,Richardson / Montmorency,Le Sud-Ouest,45.48496606116476,-73.56032252311707
1244,Richer / de Blois,Laval,45.59181536069939,-73.67810368537903
107,Richmond / des Bassins,Le Sud-Ouest,45.48752158511353,-73.56500297784805
344,Rielle / Wellington,Verdun,45.46015585930687,-73.56700122356415
434,Rivard / Mont-Royal,Le Plateau-Mont-Royal,45.52460802360213,-73.58266656610795
379,Robert-Bourassa / St-Maurice,Ville-Marie,45.49837045828952,-73.56055587530136
990,Robin / 15e Rue,Laval,45.55988743285077,-73.69822025299072
1114,Robin / St-Timothée,Ville-Marie,45.51862424058306,-73.56129348278046
474,Ropery / Augustin-Cantin,Le Sud-Ouest,45.48097552629275,-73.56863468885422
486,Rosemont / Viau,Rosemont - La Petite-Patrie,45.56833021674857,-73.56666326522826
295,Rousselot / Jarry,Villeray—Saint-Michel—Parc-Extension,45.55081979211847,-73.62088680267334
725,Roy / Saint-Laurent,Le Plateau-Mont-Royal,45.51565182195085,-73.57577390039296
15,Roy / St-André,Le Plateau-Mont-Royal,45.521564270906616,-73.57036739587784
123,Roy / St-Denis,Le Plateau-Mont-Royal,45.51908,-73.5727
137,Ryde / Charlevoix,Le Sud-Ouest,45.4757434,-73.5646007
863,Saint-Rémi / Valois,Laval,45.583961790351886,-73.72082591056824
467,Sanguinet / de Maisonneuve,Ville-Marie,45.51340553558378,-73.56259435415267
711,Sauriol / Cartier O,Laval,45.54743125923415,-73.71622860431671
650,Sewell / Roy,Le Plateau-Mont-Royal,45.51467743947122,-73.57659816741943
1076,Seymour / René-Lévesque,Ville-Marie,45.48987430052744,-73.57965856790543
255,Shearer / Centre,Le Sud-Ouest,45.4828250990486,-73.56206325352105
1146,Sherbrooke / Benny,Côte-des-Neiges - Notre-Dame-de-Grâce,45.46489980721603,-73.62700089812279
204,Sherbrooke / Frontenac,Ville-Marie,45.53673221553339,-73.560796189131
79,Sherbrooke / Jeanne-d'Arc,Rosemont - La Petite-Patrie,45.55398156058887,-73.55496388156098
19,Smith / Peel,Le Sud-Ouest,45.49276061084002,-73.55641052126883
549,Souligny / Desmarteau,Mercier - Hochelaga-Maisonneuve,45.60444089974122,-73.51611837744713
635,Square Nelligan (des Appalaches / Alexis-Nihon),Saint-Laurent,45.51431824920811,-73.70799824595451
1229,Square Saint-Louis,Le Plateau-Mont-Royal,45.516045695205214,-73.57018232345581
207,Square Victoria (Viger / du Square-Victoria),Ville-Marie,45.50206,-73.56295
93,Square Viger (Berri / Viger),Ville-Marie,45.5121682576952,-73.55481594800949
187,St-Alexandre / Ste-Catherine,Ville-Marie,45.50527354034462,-73.5674786567688
464,St-Alexandre / Viger,Ville-Marie,45.50287438291294,-73.5626620799303
381,St-Ambroise / Louis-Cyr,Le Sud-Ouest,45.47519326260791,-73.58094334602356
1046,St-André /  Cherrier,Le Plateau-Mont-Royal,45.52050169308784,-73.56770128011703
1101,St-André / Laurier,Le Plateau-Mont-Royal,45.529485911283714,-73.58760595321655
252,St-André / Ontario,Ville-Marie,45.51889,-73.56353
661,St-André / Rachel,Le Plateau-Mont-Royal,45.52409561323593,-73.57537156904073
343,St-André / Ste-Catherine,Ville-Marie,45.516297540849614,-73.55801045894623
552,St-Antoine / 19e avenue,Lachine,45.43993803436114,-73.68146234754022
10,St-Antoine / Jean-Paul Riopelle,Ville-Marie,45.502939709023714,-73.56064036488532
316,St-Antoine / St-François-Xavier,Ville-Marie,45.5045770667804,-73.55918392539024
184,St-Antoine / de la Montagne,Ville-Marie,45.495369835210354,-73.56859177350998
1010,St-Charles / Labonté,Longueuil,45.53530299560492,-73.51376473903656
823,St-Charles / Montarville,Longueuil,45.5335557310391,-73.51536766939716
903,St-Cuthbert / Clark,Le Plateau-Mont-Royal,45.51567168354896,-73.57744306325912
144,St-Cyril / Wiseman,Outremont,45.52085479492202,-73.61573964357376
240,St-Denis / Ste-Catherine,Ville-Marie,45.51372291221464,-73.5603104531765
108,St-Denis / de Maisonneuve,Ville-Marie,45.51433912935237,-73.56168508529663
541,St-Dominique / Bernard,Le Plateau-Mont-Royal,45.52793332015246,-73.60122251338906
664,St-Dominique / Gounod,Villeray—Saint-Michel—Parc-Extension,45.538591573269706,-73.62778007984161
631,St-Dominique / Jean-Talon,Villeray—Saint-Michel—Parc-Extension,45.53520398241678,-73.6175217570053
180,St-Dominique / Laurier,Le Plateau-Mont-Royal,45.52361490311454,-73.59245739877223
183,St-Dominique / Napoléon,Le Plateau-Mont-Royal,45.51666442219882,-73.57722043991089
148,St-Dominique / Rachel,Le Plateau-Mont-Royal,45.518593,-73.581566
235,St-Dominique / St-Viateur,Le Plateau-Mont-Royal,45.52655700191558,-73.5982757806778
933,St-Dominique / St-Viateur Nord,Le Plateau-Mont-Royal,45.526967994427125,-73.59916895627975
153,St-Dominique / St-Zotique,Rosemont - La Petite-Patrie,45.53226461018495,-73.6110632121563
762,St-Dominique / de Bellechasse,Rosemont - La Petite-Patrie,45.52952466565309,-73.60488876700401
439,St-Dominique / du Mont-Royal,Le Plateau-Mont-Royal,45.52055405900748,-73.58585013080301
573,St-Germain / Hochelaga,Mercier - Hochelaga-Maisonneuve,45.543652466151,-73.5534825682771
97,St-Grégoire / Christophe-Colomb,Le Plateau-Mont-Royal,45.53255611409675,-73.58993947505951
186,St-Hubert / Duluth,Le Plateau-Mont-Royal,45.52242565278864,-73.57418417930603
211,St-Hubert / Laurier,Le Plateau-Mont-Royal,45.52893724049854,-73.58786880970001
921,St-Hubert / Mont-Royal,Le Plateau-Mont-Royal,45.52564134513574,-73.5811311006546
203,St-Hubert / René-Levesque,Ville-Marie,45.514369201445305,-73.55648696422577
52,St-Hubert / de Maisonneuve (nord),Ville-Marie,45.51613214980722,-73.56049686670303
366,St-Jacques / Gauvin,Ville-Marie,45.50065923264611,-73.5611384269032
681,St-Jacques / Guy,Le Sud-Ouest,45.491366875439965,-73.57010722160338
1088,St-Jacques / Lucien L'Allier,Ville-Marie,45.493450388734665,-73.56811289999314
86,St-Jacques / McGill,Ville-Marie,45.50114344835097,-73.56077313423157
309,St-Jacques / Richmond,Le Sud-Ouest,45.4906636488045,-73.57080727815628
425,St-Jacques / St-Laurent,Ville-Marie,45.50644464920572,-73.55648696422577
47,St-Jacques / Vinet,Le Sud-Ouest,45.485328993998365,-73.57692271471024
300,St-Jacques / des Seigneurs,Le Sud-Ouest,45.48918571608228,-73.57190027832984
766,St-Jean / Guillaume,Longueuil,45.53524851020352,-73.5068191587925
526,St-Jean-Baptiste / René-Lévesque,Rivière-des-Prairies - Pointe-aux-Trembles,45.64141535746634,-73.4999567270279
564,St-Joseph / 8e avenue Lachine,Lachine,45.431518914135125,-73.67110446095467
1081,St-Joseph / Lamoureux,Sainte-Julie,45.59260312756609,-73.33754654508994
598,St-Joseph Lachine / 21e avenue,Lachine,45.43352120253739,-73.68354320526123
557,St-Laurent / Joliette,Longueuil,45.52893060032485,-73.51326006931231
411,St-Laurent / Pl. du Marché,Ville-Marie,45.50928960913111,-73.56241598725319
915,St-Laurent / de Chambly,Longueuil,45.5398841503055,-73.504639035109
417,St-Marc / Sherbrooke,Ville-Marie,45.49444855920154,-73.58337610960007
305,St-Mathieu / Sherbrooke,Ville-Marie,45.495813840210616,-73.58260784531012
429,St-Nicolas / Place d'Youville,Ville-Marie,45.501966859101564,-73.55515256524086
427,St-Patrick / Briand,Le Sud-Ouest,45.46366064035559,-73.59586715698242
880,St-Patrick / Thomas-Keefer,Le Sud-Ouest,45.47801152713375,-73.57427294832632
989,St-Roch / Querbes,Villeray—Saint-Michel—Parc-Extension,45.53020744279929,-73.62907156348228
89,St-Rémi / Ste-Émilie,Le Sud-Ouest,45.46976497412213,-73.58923405408859
850,St-Sylvestre / St-Charles,Longueuil,45.53638893500808,-73.51245582103729
950,St-Timothée / Ste-Catherine,Ville-Marie,45.5170563208812,-73.55770137168292
81,St-Urbain / Laurier,Le Plateau-Mont-Royal,45.52164617544124,-73.59366774559021
453,St-Urbain / de la Gauchetière,Ville-Marie,45.50707812811467,-73.56139540672302
73,St-Viateur / Casgrain,Le Plateau-Mont-Royal,45.527070404438426,-73.59791234135628
154,St-Zotique / Clark,Rosemont - La Petite-Patrie,45.53143760098197,-73.61270070075989
263,Stanley / René-Lévesque,Ville-Marie,45.49790394592446,-73.57077571808077
418,Stanley / Sherbrooke,Ville-Marie,45.50105732321463,-73.57722634080346
862,Stationnement incitatif de Montarville (de Montarville),Boucherville,45.6011635681891,-73.44999354332685
980,Stationnement incitatif de Mortagne (Ampère),Boucherville,45.57251733677832,-73.44312071800232
493,Ste-Catherine / Dézéry,Mercier - Hochelaga-Maisonneuve,45.53938508196168,-73.54099988937377
368,Ste-Catherine / Sanguinet,Ville-Marie,45.512936177874096,-73.56124520301817
6,Ste-Catherine / St-Clément,Mercier - Hochelaga-Maisonneuve,45.55671730558936,-73.53024959564209
414,Ste-Catherine / St-Laurent,Ville-Marie,45.50991130818593,-73.56380604207516
1158,Ste-Catherine / St-Marc,Ville-Marie,45.49272145682932,-73.58045586689514
125,Ste-Catherine / St-Mathieu,Ville-Marie,45.49384690142783,-73.57917845249176
110,Ste-Catherine / Towers,Ville-Marie,45.49228068089086,-73.58096480369566
29,Ste-Catherine / Union,Ville-Marie,45.50373771539475,-73.56948494911194
1202,Ste-Catherine / de Bullion,Ville-Marie,45.51113072062821,-73.56280624866486
475,Ste-Claire / Pierre-Tétreault,Mercier - Hochelaga-Maisonneuve,45.60191332161639,-73.52441847324371
837,Ste-Croix / Tassé,Saint-Laurent,45.51953948301331,-73.68516325950623
1002,Ste-Famille / Sherbrooke,Le Plateau-Mont-Royal,45.51002361741137,-73.57068121433258
660,Ste-Famille / des Pins,Le Plateau-Mont-Royal,45.512856179335664,-73.57692807912827
848,Ste-Marie / St-Laurent,Longueuil,45.54054248712762,-73.50366456437769
280,Ste-Émilie / Sir-Georges-Etienne-Cartier,Le Sud-Ouest,45.472636238971525,-73.58546018600464
1079,Ste-Émilie/Sir-Georges-Etienne-Cartier,Le Sud-Ouest,45.47301091860492,-73.58505249023438
269,Stinson / Montpellier,Saint-Laurent,45.51962176248447,-73.6662483215332
1152,Strathmore / Evelyn,Verdun,45.46879366725799,-73.56957480311394
846,Terminus Le Carrefour (Terry-Fox / Le Carrefour),Laval,45.56842034638607,-73.74687284231186
550,Terminus Newman (Airlie / Lafleur),LaSalle,45.42505966615074,-73.64959917962551
997,Terminus Ste-Julie (Armand-Frappier),Sainte-Julie,45.58231159807488,-73.32433423960538
777,Terminus de bus EXO (Côte de Terrebonne),Terrebonne,45.69781503750367,-73.65406465532033
639,Thimens / Alexis-Nihon,Saint-Laurent,45.50897852206792,-73.69856357574463
1227,Thomas-Chaplais / Notre-Dame,Laval,45.54207756205827,-73.74571412801743
770,Théâtre du Vieux-Terrebonne (St-Pierre / des Braves),Terrebonne,45.69223305604548,-73.63703128697125
402,Tolhurst / Fleury,Ahuntsic-Cartierville,45.54407915308118,-73.66735741496086
624,Travaux publics LaSalle (Cordner / Léger),LaSalle,45.44527192876118,-73.62448364496231
436,Tupper / du Fort,Ville-Marie,45.491202175002506,-73.58074486255646
450,Turgeon / Notre-Dame,Le Sud-Ouest,45.47888852807208,-73.58198940753937
346,U. Concordia - Campus Loyola (Sherbrooke / West Broadway),Côte-des-Neiges - Notre-Dame-de-Grâce,45.45750908083069,-73.6394852399826
525,Union / René-Lévesque,Ville-Marie,45.50235036136798,-73.56658279895781
415,Union / Ste-Catherine,Ville-Marie,45.504027213143104,-73.56970220804214
460,University / Prince-Arthur,Le Plateau-Mont-Royal,45.5074794530521,-73.57864737510681
773,University / des Pins,Ville-Marie,45.50802525900976,-73.57988489795387
188,Vallières / St-Laurent,Le Plateau-Mont-Royal,45.51896722332005,-73.5836161673069
311,Valois / Ste-Catherine,Mercier - Hochelaga-Maisonneuve,45.54522973039872,-73.53725016117096
1179,Van Horne / Dollard,Outremont,45.51928953121951,-73.61618220806122
1100,Vendôme / Sherbrooke,Côte-des-Neiges - Notre-Dame-de-Grâce,45.47572835143987,-73.60694468021393
658,Victoria / 18e avenue Lachine,Lachine,45.43579350588776,-73.6801904439926
992,Victoria / 39e avenue,Lachine,45.44001578400139,-73.70019972324371
854,Victoria / 41e avenue,Lachine,45.44053238705948,-73.70242863893507
462,Victoria / de Maisonneuve,Westmount,45.47742856483265,-73.60016942024231
503,Victoria Hall,Westmount,45.48129146961133,-73.6003303527832
196,Viger / Chenneville,Ville-Marie,45.50531166520915,-73.56089115142822
156,Villeneuve / St-Dominique,Le Plateau-Mont-Royal,45.5221105862092,-73.58881697058678
365,Villeneuve / du Parc,Le Plateau-Mont-Royal,45.518197623521424,-73.59239235520363
1017,Villeray / De Normanville,Villeray—Saint-Michel—Parc-Extension,45.54716675630067,-73.6184438467353
861,Waverly / Beaumont,Rosemont - La Petite-Patrie,45.53118825986005,-73.61607760190964
179,Waverly / Bernard,Le Plateau-Mont-Royal,45.52562443297396,-73.60413372516632
1055,Waverly / Henri-Bourassa,Ahuntsic-Cartierville,45.54834039786415,-73.67261052131653
307,Waverly / St-Viateur,Le Plateau-Mont-Royal,45.5238561444472,-73.60012650489807
830,Waverly / St-Zotique,Rosemont - La Petite-Patrie,45.53049304646715,-73.6146131157875
616,Waverly / Van Horne,Le Plateau-Mont-Royal,45.527363,-73.607723
889,Wellington / 3e avenue,Verdun,45.45749246180326,-73.56758799411182
922,Wellington / Gordon,Verdun,45.46115406449117,-73.56709241867065
869,Wellington / Hickson,Verdun,45.46504462998111,-73.5667557022316
900,Wellington / de l'Église,Verdun,45.46311264513107,-73.56705610964127
274,Wilderton  / Van Horne,Côte-des-Neiges - Notre-Dame-de-Grâce,45.51014162409143,-73.6247518658638
27,William / Robert-Bourassa,Le Sud-Ouest,45.49716534003792,-73.55933010578154
163,William / St-Henri,Ville-Marie,45.4988865267828,-73.55711728334427
1132,Wilson / Sherbrooke,Côte-des-Neiges - Notre-Dame-de-Grâce,45.4703791154553,-73.61663818359374
1087,Wolfe / Ontario,Ville-Marie,45.52059002014117,-73.56254875659943
435,Wolfe / Robin,Ville-Marie,45.51959908817399,-73.56020073872969
570,Wolfe / de la Gauchetière,Ville-Marie,45.51625372636654,-73.55291748050148
72,Workman / Vinet,Le Sud-Ouest,45.48378886396517,-73.5750612616539
942,d'Anvers / Wiseman,Villeray—Saint-Michel—Parc-Extension,45.53014304871808,-73.6400398240221
968,d'Aragon / Springland,Le Sud-Ouest,45.4533311522553,-73.59767496585846
540,d'Orléans / Hochelaga,Mercier - Hochelaga-Maisonneuve,45.55071260245958,-73.54953250849576
833,d'Orléans / Masson,Rosemont - La Petite-Patrie,45.557192,-73.569847
544,d'Outremont / Ogilvy,Villeray—Saint-Michel—Parc-Extension,45.526870027508245,-73.62676186490717
1236,de Bastogne / de Sillery,Laval,45.5780126927863,-73.7169326841831
1251,de Batiscan / Hameury,Laval,45.58508620971583,-73.67340981960297
437,de Bellechasse / de St-Vallier,Rosemont - La Petite-Patrie,45.53341043363302,-73.60112428665161
43,de Bleury / de Maisonneuve,Ville-Marie,45.50710632433956,-73.56861054897308
222,de Bordeaux / Gilford,Le Plateau-Mont-Royal,45.53611005443118,-73.5762870311737
757,de Bordeaux / Jean-Talon,Villeray—Saint-Michel—Parc-Extension,45.54975479298636,-73.60556602478027
468,de Bordeaux / Masson,Le Plateau-Mont-Royal,45.53898439552301,-73.5824453830719
690,de Bordeaux / Mont-Royal,Le Plateau-Mont-Royal,45.53451201270128,-73.57283771038055
354,de Bordeaux / Rachel,Le Plateau-Mont-Royal,45.53207532297607,-73.56769983980485
677,de Bordeaux / Sherbrooke,Ville-Marie,45.529914321737415,-73.56302618980408
929,de Bordeaux / St-Joseph,Le Plateau-Mont-Royal,45.53683253167888,-73.57777421686478
290,de Bordeaux / St-Zotique,Rosemont - La Petite-Patrie,45.546534315701145,-73.59866335988045
785,de Bordeaux / de Bellechasse,Rosemont - La Petite-Patrie,45.54325917626278,-73.59154611825943
815,de Brébeuf / du Mont-Royal,Le Plateau-Mont-Royal,45.52922355524467,-73.57784914976946
338,de Bullion / St-Joseph,Le Plateau-Mont-Royal,45.52418637173405,-73.59061207629566
330,de Bullion / du Mont-Royal,Le Plateau-Mont-Royal,45.52141314643908,-73.58498811721802
296,de Castelnau / Lajeunesse,Villeray—Saint-Michel—Parc-Extension,45.54043190217008,-73.61650675535202
717,de Chambly / Rachel,Rosemont - La Petite-Patrie,45.54991069359101,-73.55826258659361
606,de Chambly / de Rouen,Mercier - Hochelaga-Maisonneuve,45.54710313981358,-73.54892447590828
336,de Chateaubriand / Jarry,Villeray—Saint-Michel—Parc-Extension,45.54588672296563,-73.62673670053482
788,de Chenonceau / Chomedey,Laval,45.56157,-73.75448
1256,de Courcelle / Acorn,Le Sud-Ouest,45.47400860229191,-73.59178466722369
559,de Côme / Jean-Talon,Saint-Léonard,45.58830296569168,-73.57783721439773
693,de Gaspé / Beaubien,Rosemont - La Petite-Patrie,45.53195791682639,-73.60700100660324
294,de Gaspé / Dante,Rosemont - La Petite-Patrie,45.53429782539273,-73.61217230558395
136,de Gaspé / Fairmount,Le Plateau-Mont-Royal,45.52557815939422,-73.59285570681095
893,de Gaspé / Jarry,Villeray—Saint-Michel—Parc-Extension,45.540780049798,-73.63040059804916
113,de Gaspé / Marmier,Rosemont - La Petite-Patrie,45.529668174024685,-73.60166944563389
172,de Gaspé / St-Viateur,Le Plateau-Mont-Royal,45.5276726466961,-73.59738260507582
818,de Gaspé / Villeray,Villeray—Saint-Michel—Parc-Extension,45.53888723230076,-73.62390697002411
595,de Gaspé / de Liège,Villeray—Saint-Michel—Parc-Extension,45.54248521237199,-73.63634169101715
924,de Gentilly / Roland-Therrien,Longueuil,45.54086016564935,-73.49124181550906
740,de Gentilly / St-Jean,Longueuil,45.532497613819366,-73.49942399192514
821,de Grenoble / de Cassis,Laval,45.57889719514108,-73.70492711663245
720,de Grosbois / Duchesneau,Mercier - Hochelaga-Maisonneuve,45.611230741550536,-73.5312415660519
612,de Hampton / de Monkland,Côte-des-Neiges - Notre-Dame-de-Grâce,45.47117930747152,-73.6270022392273
410,de Kent / de la Côte-des-Neiges,Côte-des-Neiges - Notre-Dame-de-Grâce,45.50144933057703,-73.63305062055588
319,de L'Esplanade  / Fairmount,Le Plateau-Mont-Royal,45.52148455865522,-73.59684884548187
283,de Lanaudière / Bélanger,Rosemont - La Petite-Patrie,45.54365085053057,-73.60565051436424
260,de Lanaudière / Laurier,Le Plateau-Mont-Royal,45.5333136054992,-73.58373686671257
205,de Lanaudière / Marie-Anne,Le Plateau-Mont-Royal,45.52932643090091,-73.57480645179749
945,de Lanaudière / Mont-Royal,Le Plateau-Mont-Royal,45.53008802331729,-73.57688208474428
323,de Laprairie / Centre,Le Sud-Ouest,45.48059248038378,-73.56577813625336
539,de Lisieux / Jean-Talon,Saint-Léonard,45.57934937043077,-73.58168095350266
409,de Léry / Sherbrooke,Mercier - Hochelaga-Maisonneuve,45.54099971663243,-73.55826258659361
111,de Maisonneuve / Aylmer (est),Ville-Marie,45.50538591756765,-73.5704317688942
33,de Maisonneuve / Aylmer (ouest),Ville-Marie,45.505173440423306,-73.5706517100334
84,de Maisonneuve / Fullum,Ville-Marie,45.52797141659334,-73.54948371648788
745,de Maisonneuve / Greene,Westmount,45.48697062,-73.58929306
105,de Maisonneuve / Mackay,Ville-Marie,45.49649602765373,-73.57870370149612
64,de Maisonneuve / Mansfield (nord),Ville-Marie,45.50238607958335,-73.57333794236183
391,de Maisonneuve / Mansfield (sud),Ville-Marie,45.502053864057466,-73.57346534729004
189,de Maisonneuve / Wood,Westmount,45.48819793805841,-73.58807051185067
546,de Maisonneuve / de Bleury,Ville-Marie,45.5070388622436,-73.56912677500077
1198,de Marseille / de la Pépinière,Mercier - Hochelaga-Maisonneuve,45.5766515768136,-73.54069948196411
761,de Melrose / Sherbrooke,Côte-des-Neiges - Notre-Dame-de-Grâce,45.46991202213883,-73.61735232174397
182,de Mentana / Marie-Anne,Le Plateau-Mont-Royal,45.52602656522141,-73.57785880565643
896,de Mentana / Mont-Royal,Le Plateau-Mont-Royal,45.52711832098521,-73.58031034469604
967,de Monaco / du Souvenir,Laval,45.569501890755866,-73.7059235572815
322,de Monkland / Girouard,Côte-des-Neiges - Notre-Dame-de-Grâce,45.47710675189806,-73.6214379966259
543,de Mortagne / Jean-Neveu,Boucherville,45.56923752103412,-73.44949901103973
787,de Mortagne / de Montarville,Boucherville,45.59147977279279,-73.43605846166611
982,de Normandville / Everett,Villeray—Saint-Michel—Parc-Extension,45.54543260526312,-73.61438512802124
286,de Rouen / Hogan,Ville-Marie,45.53636263222538,-73.55421245098114
487,de Rouen / Lespérance,Ville-Marie,45.538859462962286,-73.5528177022934
124,de Soissons / de Darlington,Côte-des-Neiges - Notre-Dame-de-Grâce,45.50689914049937,-73.623526096344
370,de St-Firmin / Fleury,Ahuntsic-Cartierville,45.57062472207837,-73.6517858505249
178,de St-Vallier / St-Zotique,Rosemont - La Petite-Patrie,45.536434338630336,-73.60783427975548
701,de l'Esplanade / Beaubien,Rosemont - La Petite-Patrie,45.52839983858232,-73.61192286014557
232,de l'Esplanade / Villeneuve,Le Plateau-Mont-Royal,45.51943184213857,-73.59095953859651
324,de l'Esplanade / du Mont-Royal,Le Plateau-Mont-Royal,45.51825290855221,-73.5883381962776
349,de l'Hotel-de-Ville / Ontario,Ville-Marie,45.51374520222444,-73.56666326522826
30,de l'Hôtel-de-Ville / Rachel,Le Plateau-Mont-Royal,45.51989655507833,-73.58010649681091
217,de l'Hôtel-de-Ville / Roy,Le Plateau-Mont-Royal,45.51733075399989,-73.57449866831303
200,de l'Hôtel-de-Ville / Sherbrooke,Ville-Marie,45.5145247302944,-73.56835573911665
471,de l'Hôtel-de-Ville / Ste-Catherine,Ville-Marie,45.51166045593874,-73.56213569641113
355,de l'Hôtel-de-Ville / Villeneuve,Le Plateau-Mont-Royal,45.52348082760688,-73.58732756238169
245,de l'Église / Bannantyne,Verdun,45.4632535358533,-73.57587933540344
348,de l'Église / de Verdun,Verdun,45.46300108733155,-73.57156895217486
501,de la Cathédrale / René-Lévesque,Ville-Marie,45.499161694813886,-73.56931967664423
738,de la Cathédrale / Saint-Antoine,Ville-Marie,45.497480937983774,-73.56584353376093
249,de la Commune / Berri,Ville-Marie,45.51086,-73.54983
51,de la Commune / King,Ville-Marie,45.49750375338383,-73.55284452438353
98,de la Commune / Place Jacques-Cartier,Ville-Marie,45.50761009451047,-73.55183601379395
22,de la Commune / St-Sulpice,Ville-Marie,45.50424245563397,-73.553469479084
721,de la Côte St-Antoine / Argyle,Westmount,45.48624101696415,-73.59572768211365
611,de la Côte St-Antoine / Royal,Côte-des-Neiges - Notre-Dame-de-Grâce,45.46892698487744,-73.6198702454567
377,de la Côte St-Paul / St-Ambroise,Le Sud-Ouest,45.46766565386597,-73.59391784324544
1225,de la Côte-Ste-Catherine / Davaar,Outremont,45.51416245548193,-73.61105918884276
508,de la Côte-Ste-Catherine / Decelles,Côte-des-Neiges - Notre-Dame-de-Grâce,45.50094101588506,-73.62563699483871
1111,de la Côte-des-Neiges / Remembrance,Côte-des-Neiges - Notre-Dame-de-Grâce,45.49552641538045,-73.60578563064335
490,de la Gauchetière / Robert-Bourassa,Ville-Marie,45.50064338023683,-73.5654079914093
916,de la Gauchetière / St-Alexandre,Ville-Marie,45.50295893873599,-73.56374170638446
76,de la Montagne / Notre-Dame,Le Sud-Ouest,45.49291337906463,-73.5646878182888
593,de la Montagne / Sherbrooke,Ville-Marie,45.500015468871446,-73.57938900589943
1016,de la Peltrie / de la Côte-des-Neiges,Côte-des-Neiges - Notre-Dame-de-Grâce,45.499665790644286,-73.63029062747955
719,de la Roche /  de Bellechasse,Rosemont - La Petite-Patrie,45.53718135927993,-73.59750330448149
709,de la Roche / Bélanger,Rosemont - La Petite-Patrie,45.54166959576632,-73.60760450363159
824,de la Roche / Everett,Villeray—Saint-Michel—Parc-Extension,45.544867,-73.614841
875,de la Roche / Laurier,Le Plateau-Mont-Royal,45.53177824502564,-73.5850203037262
888,de la Sorbonne / du Rousillon,Laval,45.58060341546917,-73.68892639875412
668,de la Vérendrye / 75e avenue,LaSalle,45.42070552680549,-73.62966051438889
1162,des Barges / des Bassins,Le Sud-Ouest,45.4885952842812,-73.5635170340538
115,des Bassins / du Séminaire,Le Sud-Ouest,45.49047561880464,-73.56022328138351
534,des Jockeys / Décarie,Côte-des-Neiges - Notre-Dame-de-Grâce,45.49404432109336,-73.65449488162994
1057,des Ormeaux /  Notre-Dame,Mercier - Hochelaga-Maisonneuve,45.59919866666637,-73.5121876001358
416,des Ormeaux / de Grosbois,Mercier - Hochelaga-Maisonneuve,45.605901731906485,-73.53436946868896
162,des Pins / Hutchison,Ville-Marie,45.510800289485616,-73.57822090387344
62,des Pins / St-Laurent,Le Plateau-Mont-Royal,45.51522812881499,-73.5750961303711
1203,des Prairies / du Pacifique,Laval,45.549420832009176,-73.70114654302597
699,des Récollets / Fleury,Montréal-Nord,45.58538842877648,-73.6347109079361
698,des Récollets / Martial,Montréal-Nord,45.59091677946802,-73.64067547023296
735,des Écores / Beaubien,Rosemont - La Petite-Patrie,45.54753644957994,-73.59267264604568
1193,des Écores / Jean-Talon,Villeray—Saint-Michel—Parc-Extension,45.55234118444412,-73.6027979850769
1123,des Écores / de Bellechasse,Rosemont - La Petite-Patrie,45.54607879439562,-73.58988046646118
918,des Érables / Beaubien,Rosemont - La Petite-Patrie,45.54614641841041,-73.59369993209839
551,des Érables / Bélanger,Rosemont - La Petite-Patrie,45.54912085535069,-73.60087350010872
666,des Érables / Dandurand,Rosemont - La Petite-Patrie,45.54133815997336,-73.58389914035797
257,des Érables / Laurier,Le Plateau-Mont-Royal,45.538514913607656,-73.57769921422005
45,des Érables / Rachel,Le Plateau-Mont-Royal,45.533313304815366,-73.56671154499054
1034,du  Séminaire / de la Montagne,Le Sud-Ouest,45.49210581803197,-73.56246560811996
505,du Canal / McLaughlin,Lachine,45.42969214118378,-73.6694884300232
440,du Champ-de-Mars / Gosford,Ville-Marie,45.50965520472071,-73.55400860309601
959,du Fer-à-Cheval / des Hauts-Bois,Sainte-Julie,45.57231912648751,-73.32789487207265
786,du Fort Saint-Louis / de la Perrière,Boucherville,45.61333008938463,-73.45154017210007
104,du Havre / Hochelaga,Ville-Marie,45.53579541676834,-73.55795860291892
236,du Havre / de Rouen,Ville-Marie,45.53456256501449,-73.55478646466509
855,du Mans / des Alouettes,Laval,45.58033485941123,-73.68471868336201
408,du Marché Central / Crémazie,Ahuntsic-Cartierville,45.53341740599902,-73.64888370037079
317,du Mont-Royal / Augustin-Frigon,Rosemont - La Petite-Patrie,45.54355786336148,-73.56780052185059
16,du Mont-Royal / Clark,Le Plateau-Mont-Royal,45.51941,-73.58685
1219,du Mont-Royal / St-André,Le Plateau-Mont-Royal,45.52648048733308,-73.5805805772543
1014,du Parc / François-Foucault,Laval,45.60593926081221,-73.66295456886292
168,du Parc-La Fontaine / Duluth,Le Plateau-Mont-Royal,45.52451761488783,-73.57197672128677
484,du Parc-La Fontaine / Roy,Le Plateau-Mont-Royal,45.5232203879173,-73.56916093829568
5,du Parc-Lafontaine / Rachel,Le Plateau-Mont-Royal,45.52551168509886,-73.57424452900887
734,du President-Kennedy / Union,Ville-Marie,45.5051022424836,-73.57187882065773
588,du Rosaire / St-Hubert,Villeray—Saint-Michel—Parc-Extension,45.54481928225348,-73.6215104162693
77,du Square Dorchester / Peel,Ville-Marie,45.49969963056761,-73.57193648815155
688,du Tricentenaire / Prince-Albert,Rivière-des-Prairies - Pointe-aux-Trembles,45.64954588445726,-73.49191546440125
1092,s Émile-Duployé / Rachel,Le Plateau-Mont-Royal,45.52970707609694,-73.56998120721983
1028,Édouard-Montpetit / Victoria,Côte-des-Neiges - Notre-Dame-de-Grâce,45.491172162374106,-73.62996836556704
1213,Émery / St-Denis,Ville-Marie,45.51483155785108,-73.56349289417267
3,Émile-Duployé / Sherbrooke,Le Plateau-Mont-Royal,45.52719536319051,-73.5645255446434
722,Émile-Journault / de Châteaubriand,Ahuntsic-Cartierville,45.54971240353109,-73.6406914051804
